2026-07-31T00:34:53.1005647+00:00	START	Twig.Cli.Tests.Commands.MultiContextInitTests.Init_CreatesNestedDirectoryStructure
2026-07-31T00:34:53.5327038+00:00	END	Twig.Cli.Tests.Commands.MultiContextInitTests.Init_CreatesNestedDirectoryStructure
2026-07-31T00:34:53.5616928+00:00	START	Twig.Cli.Tests.Commands.MultiContextInitTests.SwitchBackToOrgA_WithoutForce_PreservesOrgAData
2026-07-31T00:34:53.6667517+00:00	END	Twig.Cli.Tests.Commands.MultiContextInitTests.SwitchBackToOrgA_WithoutForce_PreservesOrgAData
2026-07-31T00:34:53.6676271+00:00	START	Twig.Cli.Tests.Commands.MultiContextInitTests.Init_OrgA_ThenOrgB_PreservesOrgADatabase
2026-07-31T00:34:53.7286487+00:00	END	Twig.Cli.Tests.Commands.MultiContextInitTests.Init_OrgA_ThenOrgB_PreservesOrgADatabase
2026-07-31T00:34:53.7299120+00:00	START	Twig.Cli.Tests.Commands.MultiContextInitTests.Force_ReInitOrgA_DoesNotDeleteOrgBDatabase
2026-07-31T00:34:53.7840436+00:00	END	Twig.Cli.Tests.Commands.MultiContextInitTests.Force_ReInitOrgA_DoesNotDeleteOrgBDatabase
2026-07-31T00:34:53.7850059+00:00	START	Twig.Cli.Tests.Commands.MultiContextInitTests.Init_SameOrg_DifferentProjects_CreatesSeparateDBs
2026-07-31T00:34:53.8197535+00:00	END	Twig.Cli.Tests.Commands.MultiContextInitTests.Init_SameOrg_DifferentProjects_CreatesSeparateDBs
2026-07-31T00:34:53.8209938+00:00	START	Twig.Cli.Tests.Commands.MultiContextInitTests.Force_DeletesOnlyCurrentContextDb
2026-07-31T00:34:53.8802790+00:00	END	Twig.Cli.Tests.Commands.MultiContextInitTests.Force_DeletesOnlyCurrentContextDb
2026-07-31T00:34:53.8813004+00:00	START	Twig.Cli.Tests.Commands.MultiContextInitTests.Init_UpdatesConfigWithOrgAndProject
2026-07-31T00:34:53.9948332+00:00	END	Twig.Cli.Tests.Commands.MultiContextInitTests.Init_UpdatesConfigWithOrgAndProject
2026-07-31T00:34:54.0003000+00:00	START	Twig.Cli.Tests.StartupOrderingTests.StartupSideEffect_RunsBelowTheFastExitBlock
2026-07-31T00:34:54.0025944+00:00	END	Twig.Cli.Tests.StartupOrderingTests.StartupSideEffect_RunsBelowTheFastExitBlock
2026-07-31T00:34:54.0027217+00:00	START	Twig.Cli.Tests.StartupOrderingTests.StartupSideEffect_RunsBelowTheFastExitBlock
2026-07-31T00:34:54.0195007+00:00	END	Twig.Cli.Tests.StartupOrderingTests.StartupSideEffect_RunsBelowTheFastExitBlock
2026-07-31T00:34:54.0197086+00:00	START	Twig.Cli.Tests.StartupOrderingTests.FastExitBlock_IsPrecededBy_TheFourFastExitPaths
2026-07-31T00:34:54.0219024+00:00	END	Twig.Cli.Tests.StartupOrderingTests.FastExitBlock_IsPrecededBy_TheFourFastExitPaths
2026-07-31T00:34:54.0220270+00:00	START	Twig.Cli.Tests.StartupOrderingTests.FastExitPaths_ReachNoNetworkConstructingCall
2026-07-31T00:34:54.0230000+00:00	END	Twig.Cli.Tests.StartupOrderingTests.FastExitPaths_ReachNoNetworkConstructingCall
2026-07-31T00:34:54.0234658+00:00	START	Twig.Cli.Tests.Commands.ForceFlagRemovalTests.NoUserFacingStringStillAdvertisesTheDeletedFlag
2026-07-31T00:34:54.0404369+00:00	END	Twig.Cli.Tests.Commands.ForceFlagRemovalTests.NoUserFacingStringStillAdvertisesTheDeletedFlag
2026-07-31T00:34:54.0406309+00:00	START	Twig.Cli.Tests.Commands.ForceFlagRemovalTests.ForceOnUnrelatedCommands_IsUntouched
2026-07-31T00:34:54.0413787+00:00	END	Twig.Cli.Tests.Commands.ForceFlagRemovalTests.ForceOnUnrelatedCommands_IsUntouched
2026-07-31T00:34:54.0414625+00:00	START	Twig.Cli.Tests.Commands.ForceFlagRemovalTests.ForceOnUnrelatedCommands_IsUntouched
2026-07-31T00:34:54.0416615+00:00	END	Twig.Cli.Tests.Commands.ForceFlagRemovalTests.ForceOnUnrelatedCommands_IsUntouched
2026-07-31T00:34:54.0417368+00:00	START	Twig.Cli.Tests.Commands.ForceFlagRemovalTests.ForceOnUnrelatedCommands_IsUntouched
2026-07-31T00:34:54.0417902+00:00	END	Twig.Cli.Tests.Commands.ForceFlagRemovalTests.ForceOnUnrelatedCommands_IsUntouched
2026-07-31T00:34:54.0418647+00:00	START	Twig.Cli.Tests.Commands.ForceFlagRemovalTests.ForceOnUnrelatedCommands_IsUntouched
2026-07-31T00:34:54.0419146+00:00	END	Twig.Cli.Tests.Commands.ForceFlagRemovalTests.ForceOnUnrelatedCommands_IsUntouched
2026-07-31T00:34:54.0419915+00:00	START	Twig.Cli.Tests.Commands.ForceFlagRemovalTests.ForceIsGoneFromTheRefreshAndSyncSurface
2026-07-31T00:34:54.0421448+00:00	END	Twig.Cli.Tests.Commands.ForceFlagRemovalTests.ForceIsGoneFromTheRefreshAndSyncSurface
2026-07-31T00:34:54.0422175+00:00	START	Twig.Cli.Tests.Commands.ForceFlagRemovalTests.ForceIsGoneFromTheRefreshAndSyncSurface
2026-07-31T00:34:54.0423731+00:00	END	Twig.Cli.Tests.Commands.ForceFlagRemovalTests.ForceIsGoneFromTheRefreshAndSyncSurface
2026-07-31T00:34:54.0917360+00:00	START	Twig.Cli.Tests.Commands.SyncCommandTests.Sync_FlushFailuresAndRefreshThrows_FlushErrorsWrittenBeforeRefreshException
2026-07-31T00:34:54.2038280+00:00	END	Twig.Cli.Tests.Commands.SyncCommandTests.Sync_FlushFailuresAndRefreshThrows_FlushErrorsWrittenBeforeRefreshException
2026-07-31T00:34:54.2085805+00:00	START	Twig.Cli.Tests.Commands.SyncCommandTests.Sync_FlushFailures_ReturnsNonZero
2026-07-31T00:34:54.2638565+00:00	END	Twig.Cli.Tests.Commands.SyncCommandTests.Sync_FlushFailures_ReturnsNonZero
2026-07-31T00:34:54.2655395+00:00	START	Twig.Cli.Tests.Commands.SyncCommandTests.Sync_RefreshPhase_DoesNotOverwritePendingItems
2026-07-31T00:34:54.3087278+00:00	END	Twig.Cli.Tests.Commands.SyncCommandTests.Sync_RefreshPhase_DoesNotOverwritePendingItems
2026-07-31T00:34:54.3100514+00:00	START	Twig.Cli.Tests.Commands.SyncCommandTests.Sync_OfflineDuringFlush_HttpRequestExceptionPropagates
2026-07-31T00:34:54.3256452+00:00	END	Twig.Cli.Tests.Commands.SyncCommandTests.Sync_OfflineDuringFlush_HttpRequestExceptionPropagates
2026-07-31T00:34:54.3268521+00:00	START	Twig.Cli.Tests.Commands.SyncCommandTests.Sync_AlwaysCallsFlushAllAsync_NotFlushAsync
2026-07-31T00:34:54.3470013+00:00	END	Twig.Cli.Tests.Commands.SyncCommandTests.Sync_AlwaysCallsFlushAllAsync_NotFlushAsync
2026-07-31T00:34:54.3482528+00:00	START	Twig.Cli.Tests.Commands.SyncCommandTests.Sync_PullOnly_DoesNotEmitPushSummary
2026-07-31T00:34:54.3546405+00:00	END	Twig.Cli.Tests.Commands.SyncCommandTests.Sync_PullOnly_DoesNotEmitPushSummary
2026-07-31T00:34:54.3557094+00:00	START	Twig.Cli.Tests.Commands.SyncCommandTests.Sync_RefreshThrows_ExceptionPropagatesAfterSuccessfulFlush
2026-07-31T00:34:54.3594706+00:00	END	Twig.Cli.Tests.Commands.SyncCommandTests.Sync_RefreshThrows_ExceptionPropagatesAfterSuccessfulFlush
2026-07-31T00:34:54.3604879+00:00	START	Twig.Cli.Tests.Commands.SyncCommandTests.Sync_MachineFormats_PassOutputFormatToFlusher
2026-07-31T00:34:54.3671076+00:00	END	Twig.Cli.Tests.Commands.SyncCommandTests.Sync_MachineFormats_PassOutputFormatToFlusher
2026-07-31T00:34:54.3684117+00:00	START	Twig.Cli.Tests.Commands.SyncCommandTests.Sync_MachineFormats_PassOutputFormatToFlusher
2026-07-31T00:34:54.3787278+00:00	END	Twig.Cli.Tests.Commands.SyncCommandTests.Sync_MachineFormats_PassOutputFormatToFlusher
2026-07-31T00:34:54.3798836+00:00	START	Twig.Cli.Tests.Commands.SyncCommandTests.Sync_MachineFormats_PassOutputFormatToFlusher
2026-07-31T00:34:54.4146655+00:00	END	Twig.Cli.Tests.Commands.SyncCommandTests.Sync_MachineFormats_PassOutputFormatToFlusher
2026-07-31T00:34:54.4158961+00:00	START	Twig.Cli.Tests.Commands.SyncCommandTests.Sync_NoPendingChanges_ReturnsZero
2026-07-31T00:34:54.4386385+00:00	END	Twig.Cli.Tests.Commands.SyncCommandTests.Sync_NoPendingChanges_ReturnsZero
2026-07-31T00:34:54.4398943+00:00	START	Twig.Cli.Tests.Commands.SyncCommandTests.Sync_IdsFormat_ReturnsZero_OnSuccess
2026-07-31T00:34:54.4656754+00:00	END	Twig.Cli.Tests.Commands.SyncCommandTests.Sync_IdsFormat_ReturnsZero_OnSuccess
2026-07-31T00:34:54.4668679+00:00	START	Twig.Cli.Tests.Commands.SyncCommandTests.Sync_PullOnly_DoesNotOverwriteAPendingItem
2026-07-31T00:34:54.5076068+00:00	END	Twig.Cli.Tests.Commands.SyncCommandTests.Sync_PullOnly_DoesNotOverwriteAPendingItem
2026-07-31T00:34:54.5090671+00:00	START	Twig.Cli.Tests.Commands.SyncCommandTests.Sync_NoPullOnly_JsonFormat_EmitsPullOnlyFalse
2026-07-31T00:34:54.5276376+00:00	END	Twig.Cli.Tests.Commands.SyncCommandTests.Sync_NoPullOnly_JsonFormat_EmitsPullOnlyFalse
2026-07-31T00:34:54.5288235+00:00	START	Twig.Cli.Tests.Commands.SyncCommandTests.Sync_PullOnly_SkipsFlush
2026-07-31T00:34:54.5626905+00:00	END	Twig.Cli.Tests.Commands.SyncCommandTests.Sync_PullOnly_SkipsFlush
2026-07-31T00:34:54.5638932+00:00	START	Twig.Cli.Tests.Commands.SyncCommandTests.Sync_OutputFormatPassedToFlusher
2026-07-31T00:34:54.6076361+00:00	END	Twig.Cli.Tests.Commands.SyncCommandTests.Sync_OutputFormatPassedToFlusher
2026-07-31T00:34:54.6086240+00:00	START	Twig.Cli.Tests.Commands.SyncCommandTests.Sync_MachineFormats_CallsFlushThenRefresh
2026-07-31T00:34:54.6480932+00:00	END	Twig.Cli.Tests.Commands.SyncCommandTests.Sync_MachineFormats_CallsFlushThenRefresh
2026-07-31T00:34:54.6490490+00:00	START	Twig.Cli.Tests.Commands.SyncCommandTests.Sync_MachineFormats_CallsFlushThenRefresh
2026-07-31T00:34:54.6806400+00:00	END	Twig.Cli.Tests.Commands.SyncCommandTests.Sync_MachineFormats_CallsFlushThenRefresh
2026-07-31T00:34:54.6816747+00:00	START	Twig.Cli.Tests.Commands.SyncCommandTests.Sync_MachineFormats_CallsFlushThenRefresh
2026-07-31T00:34:54.7084706+00:00	END	Twig.Cli.Tests.Commands.SyncCommandTests.Sync_MachineFormats_CallsFlushThenRefresh
2026-07-31T00:34:54.7094768+00:00	START	Twig.Cli.Tests.Commands.SyncCommandTests.Sync_PullOnly_JsonFormat_OmitsPushCounters
2026-07-31T00:34:54.7396458+00:00	END	Twig.Cli.Tests.Commands.SyncCommandTests.Sync_PullOnly_JsonFormat_OmitsPushCounters
2026-07-31T00:34:54.7406698+00:00	START	Twig.Cli.Tests.Commands.SyncCommandTests.Sync_JsonFormat_EmitsStructuredOutput
2026-07-31T00:34:54.7758444+00:00	END	Twig.Cli.Tests.Commands.SyncCommandTests.Sync_JsonFormat_EmitsStructuredOutput
2026-07-31T00:34:54.7769404+00:00	START	Twig.Cli.Tests.Commands.SyncCommandTests.Sync_IdsFormat_DoesNotEmitJsonStructure
2026-07-31T00:34:54.7887231+00:00	END	Twig.Cli.Tests.Commands.SyncCommandTests.Sync_IdsFormat_DoesNotEmitJsonStructure
2026-07-31T00:34:54.7896456+00:00	START	Twig.Cli.Tests.Commands.SyncCommandTests.Sync_NoPullOnly_StillCallsFlush
2026-07-31T00:34:54.8087347+00:00	END	Twig.Cli.Tests.Commands.SyncCommandTests.Sync_NoPullOnly_StillCallsFlush
2026-07-31T00:34:54.8097798+00:00	START	Twig.Cli.Tests.Commands.SyncCommandTests.Sync_FlushFailures_WritesErrorsToStderr
2026-07-31T00:34:54.8256250+00:00	END	Twig.Cli.Tests.Commands.SyncCommandTests.Sync_FlushFailures_WritesErrorsToStderr
2026-07-31T00:34:54.8265905+00:00	START	Twig.Cli.Tests.Commands.SyncCommandTests.Sync_FlushCalledBeforeRefresh
2026-07-31T00:34:54.8537879+00:00	END	Twig.Cli.Tests.Commands.SyncCommandTests.Sync_FlushCalledBeforeRefresh
2026-07-31T00:34:54.8547320+00:00	START	Twig.Cli.Tests.Commands.SyncCommandTests.Sync_JsonFormat_NoFailures_OmitsFailuresArray
2026-07-31T00:34:54.8806422+00:00	END	Twig.Cli.Tests.Commands.SyncCommandTests.Sync_JsonFormat_NoFailures_OmitsFailuresArray
2026-07-31T00:34:54.8831158+00:00	START	Twig.Cli.Tests.Commands.SyncCommandTests.Sync_FlushThrows_RefreshNotCalled
2026-07-31T00:34:54.8946480+00:00	END	Twig.Cli.Tests.Commands.SyncCommandTests.Sync_FlushThrows_RefreshNotCalled
2026-07-31T00:34:54.8956975+00:00	START	Twig.Cli.Tests.Commands.SyncCommandTests.Sync_OfflineDuringRefresh_FlushErrorsStillVisible
2026-07-31T00:34:54.9050598+00:00	END	Twig.Cli.Tests.Commands.SyncCommandTests.Sync_OfflineDuringRefresh_FlushErrorsStillVisible
2026-07-31T00:34:54.9062726+00:00	START	Twig.Cli.Tests.Commands.SyncCommandTests.Sync_PullOnly_CallsRefresh
2026-07-31T00:34:54.9195564+00:00	END	Twig.Cli.Tests.Commands.SyncCommandTests.Sync_PullOnly_CallsRefresh
2026-07-31T00:34:54.9207842+00:00	START	Twig.Cli.Tests.Commands.SyncCommandTests.Sync_OfflineDuringRefresh_HttpRequestExceptionPropagatesAfterFlush
2026-07-31T00:34:54.9356481+00:00	END	Twig.Cli.Tests.Commands.SyncCommandTests.Sync_OfflineDuringRefresh_HttpRequestExceptionPropagatesAfterFlush
2026-07-31T00:34:54.9369720+00:00	START	Twig.Cli.Tests.Commands.SyncCommandTests.Sync_SuccessfulFlushAndRefresh_ReturnsZero
2026-07-31T00:34:54.9636469+00:00	END	Twig.Cli.Tests.Commands.SyncCommandTests.Sync_SuccessfulFlushAndRefresh_ReturnsZero
2026-07-31T00:34:54.9647767+00:00	START	Twig.Cli.Tests.Commands.SyncCommandTests.Sync_FlushFailures_StillCallsRefresh
2026-07-31T00:34:54.9761135+00:00	END	Twig.Cli.Tests.Commands.SyncCommandTests.Sync_FlushFailures_StillCallsRefresh
2026-07-31T00:34:54.9783535+00:00	START	Twig.Cli.Tests.Commands.InitCommandTests.Init_ReturnsError_WhenContextAlreadyInitialized
2026-07-31T00:34:55.0176829+00:00	END	Twig.Cli.Tests.Commands.InitCommandTests.Init_ReturnsError_WhenContextAlreadyInitialized
2026-07-31T00:34:55.0192282+00:00	START	Twig.Cli.Tests.Commands.InitCommandTests.Init_StoresTeamAreaPaths_InConfig
2026-07-31T00:34:55.0737022+00:00	END	Twig.Cli.Tests.Commands.InitCommandTests.Init_StoresTeamAreaPaths_InConfig
2026-07-31T00:34:55.0756050+00:00	START	Twig.Cli.Tests.Commands.InitCommandTests.Init_AreaFlag_SupportsExactSuffix
2026-07-31T00:34:55.1196289+00:00	END	Twig.Cli.Tests.Commands.InitCommandTests.Init_AreaFlag_SupportsExactSuffix
2026-07-31T00:34:55.1213273+00:00	START	Twig.Cli.Tests.Commands.InitCommandTests.Init_PreferencePrompt_DefaultsToNeither_WhenEnterPressed
2026-07-31T00:34:55.1626687+00:00	END	Twig.Cli.Tests.Commands.InitCommandTests.Init_PreferencePrompt_DefaultsToNeither_WhenEnterPressed
2026-07-31T00:34:55.1650258+00:00	START	Twig.Cli.Tests.Commands.InitCommandTests.Init_PreferencePrompt_SkippedWhenSprintFlagProvided
2026-07-31T00:34:55.1936233+00:00	END	Twig.Cli.Tests.Commands.InitCommandTests.Init_PreferencePrompt_SkippedWhenSprintFlagProvided
2026-07-31T00:34:55.1946904+00:00	START	Twig.Cli.Tests.Commands.InitCommandTests.Init_AreaFlag_RejectsInvalidPath
2026-07-31T00:34:55.2053685+00:00	END	Twig.Cli.Tests.Commands.InitCommandTests.Init_AreaFlag_RejectsInvalidPath
2026-07-31T00:34:55.2063106+00:00	START	Twig.Cli.Tests.Commands.InitCommandTests.Init_Force_ClearsNavigationHistory
2026-07-31T00:34:55.2293313+00:00	END	Twig.Cli.Tests.Commands.InitCommandTests.Init_Force_ClearsNavigationHistory
2026-07-31T00:34:55.2300848+00:00	START	Twig.Cli.Tests.Commands.InitCommandTests.Init_AreaFlag_AddsMultiplePaths
2026-07-31T00:34:55.2447604+00:00	END	Twig.Cli.Tests.Commands.InitCommandTests.Init_AreaFlag_AddsMultiplePaths
2026-07-31T00:34:55.2458972+00:00	START	Twig.Cli.Tests.Commands.InitCommandTests.Init_GracefulFallback_WhenGetProcessConfigurationFails
2026-07-31T00:34:55.2557166+00:00	END	Twig.Cli.Tests.Commands.InitCommandTests.Init_GracefulFallback_WhenGetProcessConfigurationFails
2026-07-31T00:34:55.2566397+00:00	START	Twig.Cli.Tests.Commands.InitCommandTests.Init_CreatesTwigDirectory
2026-07-31T00:34:55.2747069+00:00	END	Twig.Cli.Tests.Commands.InitCommandTests.Init_CreatesTwigDirectory
2026-07-31T00:34:55.2757228+00:00	START	Twig.Cli.Tests.Commands.InitCommandTests.Init_GitWarning_Aborts_WhenUserPressesEnter
2026-07-31T00:34:55.2768701+00:00	END	Twig.Cli.Tests.Commands.InitCommandTests.Init_GitWarning_Aborts_WhenUserPressesEnter
2026-07-31T00:34:55.2772465+00:00	START	Twig.Cli.Tests.Commands.InitCommandTests.Init_SprintFlag_RejectsInvalidExpression
2026-07-31T00:34:55.2813959+00:00	END	Twig.Cli.Tests.Commands.InitCommandTests.Init_SprintFlag_RejectsInvalidExpression
2026-07-31T00:34:55.2819096+00:00	START	Twig.Cli.Tests.Commands.InitCommandTests.Init_PreferencePrompt_SprintOnly_AddsSprint_ClearsAreas
2026-07-31T00:34:55.2925038+00:00	END	Twig.Cli.Tests.Commands.InitCommandTests.Init_PreferencePrompt_SprintOnly_AddsSprint_ClearsAreas
2026-07-31T00:34:55.2933610+00:00	START	Twig.Cli.Tests.Commands.InitCommandTests.Init_PreferencePrompt_Both_AddsSprint_KeepsAreas
2026-07-31T00:34:55.3080450+00:00	END	Twig.Cli.Tests.Commands.InitCommandTests.Init_PreferencePrompt_Both_AddsSprint_KeepsAreas
2026-07-31T00:34:55.3101094+00:00	START	Twig.Cli.Tests.Commands.InitCommandTests.Init_NonInteractive_WithSprintFlag_ConfiguresSprint_NoAreaPaths
2026-07-31T00:34:55.3199569+00:00	END	Twig.Cli.Tests.Commands.InitCommandTests.Init_NonInteractive_WithSprintFlag_ConfiguresSprint_NoAreaPaths
2026-07-31T00:34:55.3209182+00:00	START	Twig.Cli.Tests.Commands.InitCommandTests.Init_ModePrompt_ExplicitWorkspace
2026-07-31T00:34:55.3338437+00:00	END	Twig.Cli.Tests.Commands.InitCommandTests.Init_ModePrompt_ExplicitWorkspace
2026-07-31T00:34:55.3348010+00:00	START	Twig.Cli.Tests.Commands.InitCommandTests.Init_Force_DeletesOnlyTheMirror_AndKeepsTheDurableStoreFile
2026-07-31T00:34:55.3586448+00:00	END	Twig.Cli.Tests.Commands.InitCommandTests.Init_Force_DeletesOnlyTheMirror_AndKeepsTheDurableStoreFile
2026-07-31T00:34:55.3595624+00:00	START	Twig.Cli.Tests.Commands.InitCommandTests.Init_ModePrompt_DefaultsToSprint_WhenEnterPressed
2026-07-31T00:34:55.3726441+00:00	END	Twig.Cli.Tests.Commands.InitCommandTests.Init_ModePrompt_DefaultsToSprint_WhenEnterPressed
2026-07-31T00:34:55.3733067+00:00	START	Twig.Cli.Tests.Commands.InitCommandTests.Init_WithTeam_PersistsTeamInConfig
2026-07-31T00:34:55.3956445+00:00	END	Twig.Cli.Tests.Commands.InitCommandTests.Init_WithTeam_PersistsTeamInConfig
2026-07-31T00:34:55.3966796+00:00	START	Twig.Cli.Tests.Commands.InitCommandTests.Init_SprintFlag_AcceptsAbsolutePath
2026-07-31T00:34:55.4170721+00:00	END	Twig.Cli.Tests.Commands.InitCommandTests.Init_SprintFlag_AcceptsAbsolutePath
2026-07-31T00:34:55.4179805+00:00	START	Twig.Cli.Tests.Commands.InitCommandTests.Init_WithoutForce_CompletesPartialWorkspace
2026-07-31T00:34:55.4396252+00:00	END	Twig.Cli.Tests.Commands.InitCommandTests.Init_WithoutForce_CompletesPartialWorkspace
2026-07-31T00:34:55.4407797+00:00	START	Twig.Cli.Tests.Commands.InitCommandTests.Init_PreferencePrompt_InvalidInput_DefaultsToNeither
2026-07-31T00:34:55.4570310+00:00	END	Twig.Cli.Tests.Commands.InitCommandTests.Init_PreferencePrompt_InvalidInput_DefaultsToNeither
2026-07-31T00:34:55.4580300+00:00	START	Twig.Cli.Tests.Commands.InitCommandTests.Init_GitWarning_SkippedInNonTTY
2026-07-31T00:34:55.4747539+00:00	END	Twig.Cli.Tests.Commands.InitCommandTests.Init_GitWarning_SkippedInNonTTY
2026-07-31T00:34:55.4757278+00:00	START	Twig.Cli.Tests.Commands.InitCommandTests.Init_GitWarning_Aborts_WhenUserDeclinesWithN
2026-07-31T00:34:55.4766407+00:00	END	Twig.Cli.Tests.Commands.InitCommandTests.Init_GitWarning_Aborts_WhenUserDeclinesWithN
2026-07-31T00:34:55.4770188+00:00	START	Twig.Cli.Tests.Commands.InitCommandTests.Init_SprintFlag_OverridesAutoDetectedAreas_NotSprints
2026-07-31T00:34:55.4866769+00:00	END	Twig.Cli.Tests.Commands.InitCommandTests.Init_SprintFlag_OverridesAutoDetectedAreas_NotSprints
2026-07-31T00:34:55.4875602+00:00	START	Twig.Cli.Tests.Commands.InitCommandTests.Init_CreatesGitignore_WhenMissing
2026-07-31T00:34:55.4986917+00:00	END	Twig.Cli.Tests.Commands.InitCommandTests.Init_CreatesGitignore_WhenMissing
2026-07-31T00:34:55.4995515+00:00	START	Twig.Cli.Tests.Commands.InitCommandTests.Init_GracefulFallback_WhenAreaPathApiFails
2026-07-31T00:34:55.5212271+00:00	END	Twig.Cli.Tests.Commands.InitCommandTests.Init_GracefulFallback_WhenAreaPathApiFails
2026-07-31T00:34:55.5222641+00:00	START	Twig.Cli.Tests.Commands.InitCommandTests.Init_SprintFlag_AddsMultipleExpressions
2026-07-31T00:34:55.5467096+00:00	END	Twig.Cli.Tests.Commands.InitCommandTests.Init_SprintFlag_AddsMultipleExpressions
2026-07-31T00:34:55.5483361+00:00	START	Twig.Cli.Tests.Commands.InitCommandTests.Init_ModePrompt_ExplicitSprint
2026-07-31T00:34:55.5593512+00:00	END	Twig.Cli.Tests.Commands.InitCommandTests.Init_ModePrompt_ExplicitSprint
2026-07-31T00:34:55.5602454+00:00	START	Twig.Cli.Tests.Commands.InitCommandTests.Init_ModePrompt_NonTTY_DefaultsToSprint
2026-07-31T00:34:55.5710283+00:00	END	Twig.Cli.Tests.Commands.InitCommandTests.Init_ModePrompt_NonTTY_DefaultsToSprint
2026-07-31T00:34:55.5719508+00:00	START	Twig.Cli.Tests.Commands.InitCommandTests.Init_PreferencePrompt_SkippedInNonTTY
2026-07-31T00:34:55.5858084+00:00	END	Twig.Cli.Tests.Commands.InitCommandTests.Init_PreferencePrompt_SkippedInNonTTY
2026-07-31T00:34:55.5867993+00:00	START	Twig.Cli.Tests.Commands.InitCommandTests.Init_PreferencePrompt_Neither_ClearsAreas_NoSprints
2026-07-31T00:34:55.6031046+00:00	END	Twig.Cli.Tests.Commands.InitCommandTests.Init_PreferencePrompt_Neither_ClearsAreas_NoSprints
2026-07-31T00:34:55.6041019+00:00	START	Twig.Cli.Tests.Commands.InitCommandTests.Init_AreaFlag_AddsSinglePath
2026-07-31T00:34:55.6240154+00:00	END	Twig.Cli.Tests.Commands.InitCommandTests.Init_AreaFlag_AddsSinglePath
2026-07-31T00:34:55.6248970+00:00	START	Twig.Cli.Tests.Commands.InitCommandTests.Init_Force_WithNonEmptyPendingSet_RefusesAndPreservesTheWork
2026-07-31T00:34:55.6506957+00:00	END	Twig.Cli.Tests.Commands.InitCommandTests.Init_Force_WithNonEmptyPendingSet_RefusesAndPreservesTheWork
2026-07-31T00:34:55.6518126+00:00	START	Twig.Cli.Tests.Commands.InitCommandTests.Init_NonInteractive_StartsEmpty_NoAreaPaths_NoSprints
2026-07-31T00:34:55.6759883+00:00	END	Twig.Cli.Tests.Commands.InitCommandTests.Init_NonInteractive_StartsEmpty_NoAreaPaths_NoSprints
2026-07-31T00:34:55.6770835+00:00	START	Twig.Cli.Tests.Commands.InitCommandTests.Init_NonInteractive_SkipsAreaAutoDetection
2026-07-31T00:34:55.6914452+00:00	END	Twig.Cli.Tests.Commands.InitCommandTests.Init_NonInteractive_SkipsAreaAutoDetection
2026-07-31T00:34:55.6963418+00:00	START	Twig.Cli.Tests.Commands.InitCommandTests.Init_BothFlags_ConfigureSprintAndArea
2026-07-31T00:34:55.7076228+00:00	END	Twig.Cli.Tests.Commands.InitCommandTests.Init_BothFlags_ConfigureSprintAndArea
2026-07-31T00:34:55.7086298+00:00	START	Twig.Cli.Tests.Commands.InitCommandTests.Init_SkipsGitignoreEntry_WhenAlreadyPresent
2026-07-31T00:34:55.7406280+00:00	END	Twig.Cli.Tests.Commands.InitCommandTests.Init_SkipsGitignoreEntry_WhenAlreadyPresent
2026-07-31T00:34:55.7416884+00:00	START	Twig.Cli.Tests.Commands.InitCommandTests.Init_PersistsTypeAppearances_InProcessTypesCache_AB3296PR3
2026-07-31T00:34:55.7766277+00:00	END	Twig.Cli.Tests.Commands.InitCommandTests.Init_PersistsTypeAppearances_InProcessTypesCache_AB3296PR3
2026-07-31T00:34:55.7776511+00:00	START	Twig.Cli.Tests.Commands.InitCommandTests.Init_NonInteractive_WithAreaFlag_ConfiguresArea_NoAutoDetection
2026-07-31T00:34:55.8126749+00:00	END	Twig.Cli.Tests.Commands.InitCommandTests.Init_NonInteractive_WithAreaFlag_ConfiguresArea_NoAutoDetection
2026-07-31T00:34:55.8137102+00:00	START	Twig.Cli.Tests.Commands.InitCommandTests.Init_GitWarning_SkippedWhenNoConsoleInput
2026-07-31T00:34:55.8338544+00:00	END	Twig.Cli.Tests.Commands.InitCommandTests.Init_GitWarning_SkippedWhenNoConsoleInput
2026-07-31T00:34:55.8349190+00:00	START	Twig.Cli.Tests.Commands.InitCommandTests.Init_PreferencePrompt_AreaOnly_KeepsAreas_NoSprints
2026-07-31T00:34:55.8676835+00:00	END	Twig.Cli.Tests.Commands.InitCommandTests.Init_PreferencePrompt_AreaOnly_KeepsAreas_NoSprints
2026-07-31T00:34:55.8687413+00:00	START	Twig.Cli.Tests.Commands.InitCommandTests.Init_IgnoresAncestorTwigDir_CreatesInStartDir
2026-07-31T00:34:55.8988076+00:00	END	Twig.Cli.Tests.Commands.InitCommandTests.Init_IgnoresAncestorTwigDir_CreatesInStartDir
2026-07-31T00:34:55.8994329+00:00	START	Twig.Cli.Tests.Commands.InitCommandTests.Init_WritesConfigFile
2026-07-31T00:34:55.9312825+00:00	END	Twig.Cli.Tests.Commands.InitCommandTests.Init_WritesConfigFile
2026-07-31T00:34:55.9323867+00:00	START	Twig.Cli.Tests.Commands.InitCommandTests.Init_GitWarning_Continues_WhenUserEntersY
2026-07-31T00:34:55.9666627+00:00	END	Twig.Cli.Tests.Commands.InitCommandTests.Init_GitWarning_Continues_WhenUserEntersY
2026-07-31T00:34:55.9677352+00:00	START	Twig.Cli.Tests.Commands.InitCommandTests.Init_PreferencePrompt_SkippedWhenAreaFlagProvided
2026-07-31T00:34:55.9946133+00:00	END	Twig.Cli.Tests.Commands.InitCommandTests.Init_PreferencePrompt_SkippedWhenAreaFlagProvided
2026-07-31T00:34:55.9956665+00:00	START	Twig.Cli.Tests.Commands.InitCommandTests.Init_WithoutTeam_PersistsEmptyTeamInConfig
2026-07-31T00:34:56.0246959+00:00	END	Twig.Cli.Tests.Commands.InitCommandTests.Init_WithoutTeam_PersistsEmptyTeamInConfig
2026-07-31T00:34:56.0257223+00:00	START	Twig.Cli.Tests.Commands.InitCommandTests.Init_PopulatesProcessTypesTable_WithStateDataAndChildRelationships
2026-07-31T00:34:56.0706688+00:00	END	Twig.Cli.Tests.Commands.InitCommandTests.Init_PopulatesProcessTypesTable_WithStateDataAndChildRelationships
2026-07-31T00:34:56.0715614+00:00	START	Twig.Cli.Tests.Commands.InitCommandTests.Init_SprintFlag_AddsSingleExpression
2026-07-31T00:34:56.1111542+00:00	END	Twig.Cli.Tests.Commands.InitCommandTests.Init_SprintFlag_AddsSingleExpression
2026-07-31T00:34:56.1122718+00:00	START	Twig.Cli.Tests.Commands.InitCommandTests.Init_AppendsToGitignore_WhenExists
2026-07-31T00:34:56.1341220+00:00	END	Twig.Cli.Tests.Commands.InitCommandTests.Init_AppendsToGitignore_WhenExists
2026-07-31T00:34:56.1352543+00:00	START	Twig.Cli.Tests.Commands.InitCommandTests.Init_Force_ReinitializesExistingWorkspace
2026-07-31T00:34:56.1556266+00:00	END	Twig.Cli.Tests.Commands.InitCommandTests.Init_Force_ReinitializesExistingWorkspace
2026-07-31T00:34:56.1567804+00:00	START	Twig.Cli.Tests.Commands.InitCommandTests.Init_GracefulFallback_WhenGetWorkItemTypesWithStatesFails
2026-07-31T00:34:56.1936826+00:00	END	Twig.Cli.Tests.Commands.InitCommandTests.Init_GracefulFallback_WhenGetWorkItemTypesWithStatesFails
2026-07-31T00:34:56.1960464+00:00	START	Twig.Cli.Tests.Commands.PatchCommandTests.ExecuteAsync_WithId_TargetsSpecificItem
2026-07-31T00:34:56.2642911+00:00	END	Twig.Cli.Tests.Commands.PatchCommandTests.ExecuteAsync_WithId_TargetsSpecificItem
2026-07-31T00:34:56.2688334+00:00	START	Twig.Cli.Tests.Commands.PatchCommandTests.ExecuteAsync_NullPromptStateWriter_DoesNotThrow
2026-07-31T00:34:56.2785937+00:00	END	Twig.Cli.Tests.Commands.PatchCommandTests.ExecuteAsync_NullPromptStateWriter_DoesNotThrow
2026-07-31T00:34:56.2791261+00:00	START	Twig.Cli.Tests.Commands.PatchCommandTests.ExecuteAsync_Success_OutputsSuccessMessage
2026-07-31T00:34:56.2805569+00:00	END	Twig.Cli.Tests.Commands.PatchCommandTests.ExecuteAsync_Success_OutputsSuccessMessage
2026-07-31T00:34:56.2808206+00:00	START	Twig.Cli.Tests.Commands.PatchCommandTests.ExecuteAsync_MinimalOutput_OmitsCheckmark
2026-07-31T00:34:56.2850984+00:00	END	Twig.Cli.Tests.Commands.PatchCommandTests.ExecuteAsync_MinimalOutput_OmitsCheckmark
2026-07-31T00:34:56.2854182+00:00	START	Twig.Cli.Tests.Commands.PatchCommandTests.ExecuteAsync_NullJsonValue_PatchesSuccessfully
2026-07-31T00:34:56.2866830+00:00	END	Twig.Cli.Tests.Commands.PatchCommandTests.ExecuteAsync_NullJsonValue_PatchesSuccessfully
2026-07-31T00:34:56.2869395+00:00	START	Twig.Cli.Tests.Commands.PatchCommandTests.ExecuteAsync_MarkdownFormat_ConvertsValuesToHtml
2026-07-31T00:34:56.4041597+00:00	END	Twig.Cli.Tests.Commands.PatchCommandTests.ExecuteAsync_MarkdownFormat_ConvertsValuesToHtml
2026-07-31T00:34:56.4045009+00:00	START	Twig.Cli.Tests.Commands.PatchCommandTests.ExecuteAsync_MarkdownFormat_ConvertsValuesToHtml
2026-07-31T00:34:56.4060456+00:00	END	Twig.Cli.Tests.Commands.PatchCommandTests.ExecuteAsync_MarkdownFormat_ConvertsValuesToHtml
2026-07-31T00:34:56.4062861+00:00	START	Twig.Cli.Tests.Commands.PatchCommandTests.ExecuteAsync_NoActiveItem_ReturnsExitCode1
2026-07-31T00:34:56.4071613+00:00	END	Twig.Cli.Tests.Commands.PatchCommandTests.ExecuteAsync_NoActiveItem_ReturnsExitCode1
2026-07-31T00:34:56.4073827+00:00	START	Twig.Cli.Tests.Commands.PatchCommandTests.ExecuteAsync_AutoPushesPendingNotes
2026-07-31T00:34:56.4097631+00:00	END	Twig.Cli.Tests.Commands.PatchCommandTests.ExecuteAsync_AutoPushesPendingNotes
2026-07-31T00:34:56.4099973+00:00	START	Twig.Cli.Tests.Commands.PatchCommandTests.ExecuteAsync_NoFormat_HtmlField_AutoConvertsMarkdown
2026-07-31T00:34:56.4129176+00:00	END	Twig.Cli.Tests.Commands.PatchCommandTests.ExecuteAsync_NoFormat_HtmlField_AutoConvertsMarkdown
2026-07-31T00:34:56.4131621+00:00	START	Twig.Cli.Tests.Commands.PatchCommandTests.ExecuteAsync_JsonArray_ReturnsExitCode2
2026-07-31T00:34:56.4144211+00:00	END	Twig.Cli.Tests.Commands.PatchCommandTests.ExecuteAsync_JsonArray_ReturnsExitCode2
2026-07-31T00:34:56.4146644+00:00	START	Twig.Cli.Tests.Commands.PatchCommandTests.ExecuteAsync_ConflictOnFirstAttempt_RetriesSuccessfully
2026-07-31T00:34:56.4180969+00:00	END	Twig.Cli.Tests.Commands.PatchCommandTests.ExecuteAsync_ConflictOnFirstAttempt_RetriesSuccessfully
2026-07-31T00:34:56.4183523+00:00	START	Twig.Cli.Tests.Commands.PatchCommandTests.ExecuteAsync_Success_ResyncsCache
2026-07-31T00:34:56.4198802+00:00	END	Twig.Cli.Tests.Commands.PatchCommandTests.ExecuteAsync_Success_ResyncsCache
2026-07-31T00:34:56.4201199+00:00	START	Twig.Cli.Tests.Commands.PatchCommandTests.ExecuteAsync_MarkdownFormat_ConvertsAllFields
2026-07-31T00:34:56.4369208+00:00	END	Twig.Cli.Tests.Commands.PatchCommandTests.ExecuteAsync_MarkdownFormat_ConvertsAllFields
2026-07-31T00:34:56.4372604+00:00	START	Twig.Cli.Tests.Commands.PatchCommandTests.ExecuteAsync_JsonOutput_EmitsFieldsPatchedRecord
2026-07-31T00:34:56.4401374+00:00	END	Twig.Cli.Tests.Commands.PatchCommandTests.ExecuteAsync_JsonOutput_EmitsFieldsPatchedRecord
2026-07-31T00:34:56.4404117+00:00	START	Twig.Cli.Tests.Commands.PatchCommandTests.ExecuteAsync_Success_InvokesPromptStateWriter
2026-07-31T00:34:56.4451472+00:00	END	Twig.Cli.Tests.Commands.PatchCommandTests.ExecuteAsync_Success_InvokesPromptStateWriter
2026-07-31T00:34:56.4454166+00:00	START	Twig.Cli.Tests.Commands.PatchCommandTests.ExecuteAsync_NoFormat_PlainTextField_PassesThroughWithoutWarning
2026-07-31T00:34:56.4475991+00:00	END	Twig.Cli.Tests.Commands.PatchCommandTests.ExecuteAsync_NoFormat_PlainTextField_PassesThroughWithoutWarning
2026-07-31T00:34:56.4478548+00:00	START	Twig.Cli.Tests.Commands.PatchCommandTests.ExecuteAsync_NoInput_ReturnsExitCode2
2026-07-31T00:34:56.4484076+00:00	END	Twig.Cli.Tests.Commands.PatchCommandTests.ExecuteAsync_NoInput_ReturnsExitCode2
2026-07-31T00:34:56.4489490+00:00	START	Twig.Cli.Tests.Commands.PatchCommandTests.ExecuteAsync_ConflictExhausted_ReturnsExitCode1
2026-07-31T00:34:56.4503989+00:00	END	Twig.Cli.Tests.Commands.PatchCommandTests.ExecuteAsync_ConflictExhausted_ReturnsExitCode1
2026-07-31T00:34:56.4506376+00:00	START	Twig.Cli.Tests.Commands.PatchCommandTests.ExecuteAsync_FormatRaw_HtmlField_PassesThroughUnchanged
2026-07-31T00:34:56.4528773+00:00	END	Twig.Cli.Tests.Commands.PatchCommandTests.ExecuteAsync_FormatRaw_HtmlField_PassesThroughUnchanged
2026-07-31T00:34:56.4531093+00:00	START	Twig.Cli.Tests.Commands.PatchCommandTests.ExecuteAsync_MultipleFields_PatchesAllFields
2026-07-31T00:34:56.4548080+00:00	END	Twig.Cli.Tests.Commands.PatchCommandTests.ExecuteAsync_MultipleFields_PatchesAllFields
2026-07-31T00:34:56.4550378+00:00	START	Twig.Cli.Tests.Commands.PatchCommandTests.ExecuteAsync_CacheResyncFailure_StillReturnsSuccess
2026-07-31T00:34:56.4579913+00:00	END	Twig.Cli.Tests.Commands.PatchCommandTests.ExecuteAsync_CacheResyncFailure_StillReturnsSuccess
2026-07-31T00:34:56.4582317+00:00	START	Twig.Cli.Tests.Commands.PatchCommandTests.ExecuteAsync_Stdin_ReadsAndPatchesSuccessfully
2026-07-31T00:34:56.4607400+00:00	END	Twig.Cli.Tests.Commands.PatchCommandTests.ExecuteAsync_Stdin_ReadsAndPatchesSuccessfully
2026-07-31T00:34:56.4609729+00:00	START	Twig.Cli.Tests.Commands.PatchCommandTests.ExecuteAsync_NoFormat_FieldDefMissing_PassesThroughUnchangedWithWarning
2026-07-31T00:34:56.4629806+00:00	END	Twig.Cli.Tests.Commands.PatchCommandTests.ExecuteAsync_NoFormat_FieldDefMissing_PassesThroughUnchangedWithWarning
2026-07-31T00:34:56.4632137+00:00	START	Twig.Cli.Tests.Commands.PatchCommandTests.ExecuteAsync_NoFormat_PassesThroughUnchanged
2026-07-31T00:34:56.4650290+00:00	END	Twig.Cli.Tests.Commands.PatchCommandTests.ExecuteAsync_NoFormat_PassesThroughUnchanged
2026-07-31T00:34:56.4652626+00:00	START	Twig.Cli.Tests.Commands.PatchCommandTests.ExecuteAsync_InvalidFormat_ReturnsExitCode2
2026-07-31T00:34:56.4666595+00:00	END	Twig.Cli.Tests.Commands.PatchCommandTests.ExecuteAsync_InvalidFormat_ReturnsExitCode2
2026-07-31T00:34:56.4668930+00:00	START	Twig.Cli.Tests.Commands.PatchCommandTests.ExecuteAsync_ItemNotFoundById_ReturnsExitCode1
2026-07-31T00:34:56.4680630+00:00	END	Twig.Cli.Tests.Commands.PatchCommandTests.ExecuteAsync_ItemNotFoundById_ReturnsExitCode1
2026-07-31T00:34:56.4682904+00:00	START	Twig.Cli.Tests.Commands.PatchCommandTests.ExecuteAsync_BothJsonAndStdin_ReturnsExitCode2
2026-07-31T00:34:56.4688666+00:00	END	Twig.Cli.Tests.Commands.PatchCommandTests.ExecuteAsync_BothJsonAndStdin_ReturnsExitCode2
2026-07-31T00:34:56.4690914+00:00	START	Twig.Cli.Tests.Commands.PatchCommandTests.ExecuteAsync_SingleField_PatchesSuccessfully
2026-07-31T00:34:56.4717718+00:00	END	Twig.Cli.Tests.Commands.PatchCommandTests.ExecuteAsync_SingleField_PatchesSuccessfully
2026-07-31T00:34:56.4720022+00:00	START	Twig.Cli.Tests.Commands.PatchCommandTests.ExecuteAsync_MultipleFields_OutputsCorrectFieldCount
2026-07-31T00:34:56.4731198+00:00	END	Twig.Cli.Tests.Commands.PatchCommandTests.ExecuteAsync_MultipleFields_OutputsCorrectFieldCount
2026-07-31T00:34:56.4733450+00:00	START	Twig.Cli.Tests.Commands.PatchCommandTests.ExecuteAsync_EmptyJsonObject_ReturnsExitCode2
2026-07-31T00:34:56.4741139+00:00	END	Twig.Cli.Tests.Commands.PatchCommandTests.ExecuteAsync_EmptyJsonObject_ReturnsExitCode2
2026-07-31T00:34:56.4743017+00:00	START	Twig.Cli.Tests.Commands.PatchCommandTests.ExecuteAsync_InvalidJson_ReturnsExitCode2
2026-07-31T00:34:56.4749727+00:00	END	Twig.Cli.Tests.Commands.PatchCommandTests.ExecuteAsync_InvalidJson_ReturnsExitCode2
2026-07-31T00:34:56.4959824+00:00	START	Twig.Cli.Tests.Commands.NavigationCommandsInteractiveTests.InteractiveAsync_LoadNodeState_RootItem_HandlesSiblingsGracefully
2026-07-31T00:34:56.5070350+00:00	END	Twig.Cli.Tests.Commands.NavigationCommandsInteractiveTests.InteractiveAsync_LoadNodeState_RootItem_HandlesSiblingsGracefully
2026-07-31T00:34:56.5092643+00:00	START	Twig.Cli.Tests.Commands.NavigationCommandsInteractiveTests.InteractiveAsync_NoActiveContext_ReturnsGracefully
2026-07-31T00:34:56.5118423+00:00	END	Twig.Cli.Tests.Commands.NavigationCommandsInteractiveTests.InteractiveAsync_NoActiveContext_ReturnsGracefully
2026-07-31T00:34:56.5122973+00:00	START	Twig.Cli.Tests.Commands.NavigationCommandsInteractiveTests.InteractiveAsync_RedirectedOutput_PrintsFallbackHelpText
2026-07-31T00:34:56.5132434+00:00	END	Twig.Cli.Tests.Commands.NavigationCommandsInteractiveTests.InteractiveAsync_RedirectedOutput_PrintsFallbackHelpText
2026-07-31T00:34:56.5136750+00:00	START	Twig.Cli.Tests.Commands.NavigationCommandsInteractiveTests.InteractiveAsync_LoadNodeState_CallsAllRepositories
2026-07-31T00:34:56.5187814+00:00	END	Twig.Cli.Tests.Commands.NavigationCommandsInteractiveTests.InteractiveAsync_LoadNodeState_CallsAllRepositories
2026-07-31T00:34:56.5192146+00:00	START	Twig.Cli.Tests.Commands.NavigationCommandsInteractiveTests.InteractiveAsync_CommitPath_SetsContextAndRecordsHistory
2026-07-31T00:34:56.5217293+00:00	END	Twig.Cli.Tests.Commands.NavigationCommandsInteractiveTests.InteractiveAsync_CommitPath_SetsContextAndRecordsHistory
2026-07-31T00:34:56.5221649+00:00	START	Twig.Cli.Tests.Commands.NavigationCommandsInteractiveTests.InteractiveAsync_NonTty_PrintsFallbackHelpText
2026-07-31T00:34:56.5231993+00:00	END	Twig.Cli.Tests.Commands.NavigationCommandsInteractiveTests.InteractiveAsync_NonTty_PrintsFallbackHelpText
2026-07-31T00:34:56.5236278+00:00	START	Twig.Cli.Tests.Commands.NavigationCommandsInteractiveTests.InteractiveAsync_ActiveItemNotInCache_ReturnsError
2026-07-31T00:34:56.5246058+00:00	END	Twig.Cli.Tests.Commands.NavigationCommandsInteractiveTests.InteractiveAsync_ActiveItemNotInCache_ReturnsError
2026-07-31T00:34:56.5250205+00:00	START	Twig.Cli.Tests.Commands.NavigationCommandsInteractiveTests.InteractiveAsync_CancelPath_NoStoreChanges
2026-07-31T00:34:56.5270130+00:00	END	Twig.Cli.Tests.Commands.NavigationCommandsInteractiveTests.InteractiveAsync_CancelPath_NoStoreChanges
2026-07-31T00:34:56.5274234+00:00	START	Twig.Cli.Tests.Commands.NavigationCommandsInteractiveTests.InteractiveAsync_CommitPath_WithNullHistoryStore_DoesNotThrow
2026-07-31T00:34:56.5287085+00:00	END	Twig.Cli.Tests.Commands.NavigationCommandsInteractiveTests.InteractiveAsync_CommitPath_WithNullHistoryStore_DoesNotThrow
2026-07-31T00:34:56.5289935+00:00	START	Twig.Cli.Tests.Commands.CommandExamplesTests.ShowIfPresent_TripleCompoundCommand_MatchesThreeTokenKeyFirst
2026-07-31T00:34:56.5328799+00:00	END	Twig.Cli.Tests.Commands.CommandExamplesTests.ShowIfPresent_TripleCompoundCommand_MatchesThreeTokenKeyFirst
2026-07-31T00:34:56.5329666+00:00	START	Twig.Cli.Tests.Commands.CommandExamplesTests.ShowIfPresent_OutputFormat_IncludesExamplesHeader
2026-07-31T00:34:56.5331994+00:00	END	Twig.Cli.Tests.Commands.CommandExamplesTests.ShowIfPresent_OutputFormat_IncludesExamplesHeader
2026-07-31T00:34:56.5332740+00:00	START	Twig.Cli.Tests.Commands.CommandExamplesTests.ShowIfPresent_FallsBackToFirstArg_WhenCompoundNotFound
2026-07-31T00:34:56.5334873+00:00	END	Twig.Cli.Tests.Commands.CommandExamplesTests.ShowIfPresent_FallsBackToFirstArg_WhenCompoundNotFound
2026-07-31T00:34:56.5335596+00:00	START	Twig.Cli.Tests.Commands.CommandExamplesTests.ShowIfPresent_EmptyArgs_ProducesNoOutput
2026-07-31T00:34:56.5341225+00:00	END	Twig.Cli.Tests.Commands.CommandExamplesTests.ShowIfPresent_EmptyArgs_ProducesNoOutput
2026-07-31T00:34:56.5341974+00:00	START	Twig.Cli.Tests.Commands.CommandExamplesTests.ShowIfPresent_CompoundCommand_MatchesCompoundKeyFirst
2026-07-31T00:34:56.5344478+00:00	END	Twig.Cli.Tests.Commands.CommandExamplesTests.ShowIfPresent_CompoundCommand_MatchesCompoundKeyFirst
2026-07-31T00:34:56.5345204+00:00	START	Twig.Cli.Tests.Commands.CommandExamplesTests.ShowIfPresent_NoMatch_ProducesNoOutput
2026-07-31T00:34:56.5347480+00:00	END	Twig.Cli.Tests.Commands.CommandExamplesTests.ShowIfPresent_NoMatch_ProducesNoOutput
2026-07-31T00:34:56.5348200+00:00	START	Twig.Cli.Tests.Commands.CommandExamplesTests.SeedPublishExamples_ContainLinkBranchUsage
2026-07-31T00:34:56.5352362+00:00	END	Twig.Cli.Tests.Commands.CommandExamplesTests.SeedPublishExamples_ContainLinkBranchUsage
2026-07-31T00:34:56.5353098+00:00	START	Twig.Cli.Tests.Commands.CommandExamplesTests.ShowIfPresent_SingleArg_MatchesDirectly
2026-07-31T00:34:56.5355290+00:00	END	Twig.Cli.Tests.Commands.CommandExamplesTests.ShowIfPresent_SingleArg_MatchesDirectly
2026-07-31T00:34:56.5356089+00:00	START	Twig.Cli.Tests.Commands.CommandExamplesTests.ShowIfPresent_HyphenatedCommand_MatchesViaSingleToken
2026-07-31T00:34:56.5358406+00:00	END	Twig.Cli.Tests.Commands.CommandExamplesTests.ShowIfPresent_HyphenatedCommand_MatchesViaSingleToken
2026-07-31T00:34:56.5359136+00:00	START	Twig.Cli.Tests.Commands.CommandExamplesTests.ShowIfPresent_MultipleExamples_PrintsAll
2026-07-31T00:34:56.5363115+00:00	END	Twig.Cli.Tests.Commands.CommandExamplesTests.ShowIfPresent_MultipleExamples_PrintsAll
2026-07-31T00:34:56.5363874+00:00	START	Twig.Cli.Tests.Commands.CommandExamplesTests.ShowIfPresent_TripleCompoundFallsBackToDouble_WhenTripleNotFound
2026-07-31T00:34:56.5366400+00:00	END	Twig.Cli.Tests.Commands.CommandExamplesTests.ShowIfPresent_TripleCompoundFallsBackToDouble_WhenTripleNotFound
2026-07-31T00:34:56.5367124+00:00	START	Twig.Cli.Tests.Commands.CommandExamplesTests.WorkspaceAreaSubcommands_HaveExamples
2026-07-31T00:34:56.5376567+00:00	END	Twig.Cli.Tests.Commands.CommandExamplesTests.WorkspaceAreaSubcommands_HaveExamples
2026-07-31T00:34:56.5382832+00:00	START	Twig.Cli.Tests.Commands.WorkingSetCommandTests.TtyPath_EmitsConfirmation_NotDashboard
2026-07-31T00:34:56.5437904+00:00	END	Twig.Cli.Tests.Commands.WorkingSetCommandTests.TtyPath_EmitsConfirmation_NotDashboard
2026-07-31T00:34:56.5439189+00:00	START	Twig.Cli.Tests.Commands.WorkingSetCommandTests.NoFetchChildrenAsync_Called
2026-07-31T00:34:56.5449499+00:00	END	Twig.Cli.Tests.Commands.WorkingSetCommandTests.NoFetchChildrenAsync_Called
2026-07-31T00:34:56.5450932+00:00	START	Twig.Cli.Tests.Commands.WorkingSetCommandTests.CacheMiss_NoEviction
2026-07-31T00:34:56.5466705+00:00	END	Twig.Cli.Tests.Commands.WorkingSetCommandTests.CacheMiss_NoEviction
2026-07-31T00:34:56.5468063+00:00	START	Twig.Cli.Tests.Commands.WorkingSetCommandTests.CacheHit_NoSync
2026-07-31T00:34:56.5484633+00:00	END	Twig.Cli.Tests.Commands.WorkingSetCommandTests.CacheHit_NoSync
2026-07-31T00:34:56.5487269+00:00	START	Twig.Cli.Tests.Commands.SaveCommandDeprecationTests.Save_DelegatesToSaveCommand_AfterHint
2026-07-31T00:34:56.5780544+00:00	END	Twig.Cli.Tests.Commands.SaveCommandDeprecationTests.Save_DelegatesToSaveCommand_AfterHint
2026-07-31T00:34:56.5781964+00:00	START	Twig.Cli.Tests.Commands.SaveCommandDeprecationTests.Save_WritesDeprecationHint_ToStderr
2026-07-31T00:34:56.5804876+00:00	END	Twig.Cli.Tests.Commands.SaveCommandDeprecationTests.Save_WritesDeprecationHint_ToStderr
2026-07-31T00:34:56.5805847+00:00	START	Twig.Cli.Tests.Commands.SaveCommandDeprecationTests.Save_PropagatesNonZeroExitCode
2026-07-31T00:34:56.5821388+00:00	END	Twig.Cli.Tests.Commands.SaveCommandDeprecationTests.Save_PropagatesNonZeroExitCode
2026-07-31T00:34:56.5890083+00:00	START	Twig.Cli.Tests.Rendering.CacheRefreshTests.TwigConfiguration_SetValue_CacheStaleMinutes_ZeroValue
2026-07-31T00:34:56.5916516+00:00	END	Twig.Cli.Tests.Rendering.CacheRefreshTests.TwigConfiguration_SetValue_CacheStaleMinutes_ZeroValue
2026-07-31T00:34:56.5935168+00:00	START	Twig.Cli.Tests.Rendering.CacheRefreshTests.IsCacheStale_FreshTimestamp_ReturnsFalse
2026-07-31T00:34:56.5940953+00:00	END	Twig.Cli.Tests.Rendering.CacheRefreshTests.IsCacheStale_FreshTimestamp_ReturnsFalse
2026-07-31T00:34:56.5946386+00:00	START	Twig.Cli.Tests.Rendering.CacheRefreshTests.StaleCache_TimestampPersistenceFails_StillDisplaysFreshData
2026-07-31T00:34:56.7108858+00:00	END	Twig.Cli.Tests.Rendering.CacheRefreshTests.StaleCache_TimestampPersistenceFails_StillDisplaysFreshData
2026-07-31T00:34:56.7116291+00:00	START	Twig.Cli.Tests.Rendering.CacheRefreshTests.StaleCache_SeedRefreshFails_RestoresOriginalData
2026-07-31T00:34:56.7170879+00:00	END	Twig.Cli.Tests.Rendering.CacheRefreshTests.StaleCache_SeedRefreshFails_RestoresOriginalData
2026-07-31T00:34:56.7177354+00:00	START	Twig.Cli.Tests.Rendering.CacheRefreshTests.SpectreRenderer_RefreshCompleted_RestoresCaption
2026-07-31T00:34:56.7474760+00:00	END	Twig.Cli.Tests.Rendering.CacheRefreshTests.SpectreRenderer_RefreshCompleted_RestoresCaption
2026-07-31T00:34:56.7482349+00:00	START	Twig.Cli.Tests.Rendering.CacheRefreshTests.NoRefresh_IsIndependentOfNoLive
2026-07-31T00:34:56.7909076+00:00	END	Twig.Cli.Tests.Rendering.CacheRefreshTests.NoRefresh_IsIndependentOfNoLive
2026-07-31T00:34:56.7915625+00:00	START	Twig.Cli.Tests.Rendering.CacheRefreshTests.NullTimestamp_TreatedAsStale_TriggersRefresh
2026-07-31T00:34:56.8045300+00:00	END	Twig.Cli.Tests.Rendering.CacheRefreshTests.NullTimestamp_TreatedAsStale_TriggersRefresh
2026-07-31T00:34:56.8052305+00:00	START	Twig.Cli.Tests.Rendering.CacheRefreshTests.SpectreRenderer_RefreshStarted_ClearsRowsAndShowsBadge
2026-07-31T00:34:56.8397940+00:00	END	Twig.Cli.Tests.Rendering.CacheRefreshTests.SpectreRenderer_RefreshStarted_ClearsRowsAndShowsBadge
2026-07-31T00:34:56.8405254+00:00	START	Twig.Cli.Tests.Rendering.CacheRefreshTests.SpectreRenderer_RefreshStarted_ShowsRefreshingBadge
2026-07-31T00:34:56.8672767+00:00	END	Twig.Cli.Tests.Rendering.CacheRefreshTests.SpectreRenderer_RefreshStarted_ShowsRefreshingBadge
2026-07-31T00:34:56.8680358+00:00	START	Twig.Cli.Tests.Rendering.CacheRefreshTests.IsCacheStale_InvalidTimestamp_ReturnsTrue
2026-07-31T00:34:56.8682159+00:00	END	Twig.Cli.Tests.Rendering.CacheRefreshTests.IsCacheStale_InvalidTimestamp_ReturnsTrue
2026-07-31T00:34:56.8687842+00:00	START	Twig.Cli.Tests.Rendering.CacheRefreshTests.SpectreRenderer_RefreshWithSeeds_ShowsSeedsAfterRefresh
2026-07-31T00:34:56.8846348+00:00	END	Twig.Cli.Tests.Rendering.CacheRefreshTests.SpectreRenderer_RefreshWithSeeds_ShowsSeedsAfterRefresh
2026-07-31T00:34:56.8853751+00:00	START	Twig.Cli.Tests.Rendering.CacheRefreshTests.IsCacheStale_StaleTimestamp_ReturnsTrue
2026-07-31T00:34:56.8855829+00:00	END	Twig.Cli.Tests.Rendering.CacheRefreshTests.IsCacheStale_StaleTimestamp_ReturnsTrue
2026-07-31T00:34:56.8861413+00:00	START	Twig.Cli.Tests.Rendering.CacheRefreshTests.IsCacheStale_ExactBoundary_ReturnsFalse
2026-07-31T00:34:56.8863240+00:00	END	Twig.Cli.Tests.Rendering.CacheRefreshTests.IsCacheStale_ExactBoundary_ReturnsFalse
2026-07-31T00:34:56.8868762+00:00	START	Twig.Cli.Tests.Rendering.CacheRefreshTests.TwigConfiguration_SetValue_CacheStaleMinutes
2026-07-31T00:34:56.8870582+00:00	END	Twig.Cli.Tests.Rendering.CacheRefreshTests.TwigConfiguration_SetValue_CacheStaleMinutes
2026-07-31T00:34:56.8875883+00:00	START	Twig.Cli.Tests.Rendering.CacheRefreshTests.TwigConfiguration_SetValue_CacheStaleMinutes_InvalidValue
2026-07-31T00:34:56.8877310+00:00	END	Twig.Cli.Tests.Rendering.CacheRefreshTests.TwigConfiguration_SetValue_CacheStaleMinutes_InvalidValue
2026-07-31T00:34:56.8882578+00:00	START	Twig.Cli.Tests.Rendering.CacheRefreshTests.TwigConfiguration_SetValue_CacheStaleMinutes_NegativeValue
2026-07-31T00:34:56.8884000+00:00	END	Twig.Cli.Tests.Rendering.CacheRefreshTests.TwigConfiguration_SetValue_CacheStaleMinutes_NegativeValue
2026-07-31T00:34:56.8889902+00:00	START	Twig.Cli.Tests.Rendering.CacheRefreshTests.IsCacheStale_NullTimestamp_ReturnsTrue
2026-07-31T00:34:56.8891045+00:00	END	Twig.Cli.Tests.Rendering.CacheRefreshTests.IsCacheStale_NullTimestamp_ReturnsTrue
2026-07-31T00:34:56.8896311+00:00	START	Twig.Cli.Tests.Rendering.CacheRefreshTests.StaleCache_RefreshUpdatesClosureVariables_ForHintComputation
2026-07-31T00:34:56.8937442+00:00	END	Twig.Cli.Tests.Rendering.CacheRefreshTests.StaleCache_RefreshUpdatesClosureVariables_ForHintComputation
2026-07-31T00:34:56.8943060+00:00	START	Twig.Cli.Tests.Rendering.CacheRefreshTests.StaleCache_RefreshFails_RestoresOriginalData
2026-07-31T00:34:56.9032077+00:00	END	Twig.Cli.Tests.Rendering.CacheRefreshTests.StaleCache_RefreshFails_RestoresOriginalData
2026-07-31T00:34:56.9040549+00:00	START	Twig.Cli.Tests.Rendering.CacheRefreshTests.NoRefresh_SkipsSyncPass_RendersFromCacheOnly
2026-07-31T00:34:56.9096338+00:00	END	Twig.Cli.Tests.Rendering.CacheRefreshTests.NoRefresh_SkipsSyncPass_RendersFromCacheOnly
2026-07-31T00:34:56.9102347+00:00	START	Twig.Cli.Tests.Rendering.CacheRefreshTests.StaleCache_YieldsRefreshStartedAndCompleted
2026-07-31T00:34:56.9161636+00:00	END	Twig.Cli.Tests.Rendering.CacheRefreshTests.StaleCache_YieldsRefreshStartedAndCompleted
2026-07-31T00:34:56.9168787+00:00	START	Twig.Cli.Tests.Rendering.CacheRefreshTests.FreshCache_NoRefreshChunks
2026-07-31T00:34:56.9209921+00:00	END	Twig.Cli.Tests.Rendering.CacheRefreshTests.FreshCache_NoRefreshChunks
2026-07-31T00:34:56.9215573+00:00	START	Twig.Cli.Tests.Rendering.CacheRefreshTests.DisplayConfig_CacheStaleMinutes_DefaultIs5
2026-07-31T00:34:56.9217115+00:00	END	Twig.Cli.Tests.Rendering.CacheRefreshTests.DisplayConfig_CacheStaleMinutes_DefaultIs5
2026-07-31T00:34:56.9220025+00:00	START	Twig.Cli.Tests.Rendering.HexToSpectreColorTests.ToMarkupColor_NullInput_ReturnsNull
2026-07-31T00:34:56.9228166+00:00	END	Twig.Cli.Tests.Rendering.HexToSpectreColorTests.ToMarkupColor_NullInput_ReturnsNull
2026-07-31T00:34:56.9228936+00:00	START	Twig.Cli.Tests.Rendering.HexToSpectreColorTests.ToMarkupColor_WithHashPrefix_ReturnsMarkupString
2026-07-31T00:34:56.9231323+00:00	END	Twig.Cli.Tests.Rendering.HexToSpectreColorTests.ToMarkupColor_WithHashPrefix_ReturnsMarkupString
2026-07-31T00:34:56.9232055+00:00	START	Twig.Cli.Tests.Rendering.HexToSpectreColorTests.ToMarkupColor_LowercaseHex_ReturnsUppercaseMarkup
2026-07-31T00:34:56.9233321+00:00	END	Twig.Cli.Tests.Rendering.HexToSpectreColorTests.ToMarkupColor_LowercaseHex_ReturnsUppercaseMarkup
2026-07-31T00:34:56.9234022+00:00	START	Twig.Cli.Tests.Rendering.HexToSpectreColorTests.ToColor_InvalidInput_ReturnsNull
2026-07-31T00:34:56.9242305+00:00	END	Twig.Cli.Tests.Rendering.HexToSpectreColorTests.ToColor_InvalidInput_ReturnsNull
2026-07-31T00:34:56.9243069+00:00	START	Twig.Cli.Tests.Rendering.HexToSpectreColorTests.ToColor_WithHashPrefix_ReturnsColor
2026-07-31T00:34:56.9269933+00:00	END	Twig.Cli.Tests.Rendering.HexToSpectreColorTests.ToColor_WithHashPrefix_ReturnsColor
2026-07-31T00:34:56.9270734+00:00	START	Twig.Cli.Tests.Rendering.HexToSpectreColorTests.ToMarkupColor_InvalidInput_ReturnsNull
2026-07-31T00:34:56.9272034+00:00	END	Twig.Cli.Tests.Rendering.HexToSpectreColorTests.ToMarkupColor_InvalidInput_ReturnsNull
2026-07-31T00:34:56.9272772+00:00	START	Twig.Cli.Tests.Rendering.HexToSpectreColorTests.ToColor_Valid8CharArgb_StripsAlphaReturnsColor
2026-07-31T00:34:56.9274830+00:00	END	Twig.Cli.Tests.Rendering.HexToSpectreColorTests.ToColor_Valid8CharArgb_StripsAlphaReturnsColor
2026-07-31T00:34:56.9275561+00:00	START	Twig.Cli.Tests.Rendering.HexToSpectreColorTests.ToMarkupColor_Valid6Char_ReturnsMarkupString
2026-07-31T00:34:56.9276948+00:00	END	Twig.Cli.Tests.Rendering.HexToSpectreColorTests.ToMarkupColor_Valid6Char_ReturnsMarkupString
2026-07-31T00:34:56.9277664+00:00	START	Twig.Cli.Tests.Rendering.HexToSpectreColorTests.ToMarkupColor_Valid8CharArgb_StripsAlpha
2026-07-31T00:34:56.9278956+00:00	END	Twig.Cli.Tests.Rendering.HexToSpectreColorTests.ToMarkupColor_Valid8CharArgb_StripsAlpha
2026-07-31T00:34:56.9279668+00:00	START	Twig.Cli.Tests.Rendering.HexToSpectreColorTests.ToColor_Valid6Char_ReturnsColor
2026-07-31T00:34:56.9281588+00:00	END	Twig.Cli.Tests.Rendering.HexToSpectreColorTests.ToColor_Valid6Char_ReturnsColor
2026-07-31T00:34:56.9282307+00:00	START	Twig.Cli.Tests.Rendering.HexToSpectreColorTests.ToColor_NullInput_ReturnsNull
2026-07-31T00:34:56.9283405+00:00	END	Twig.Cli.Tests.Rendering.HexToSpectreColorTests.ToColor_NullInput_ReturnsNull
2026-07-31T00:34:56.9287007+00:00	START	Twig.Cli.Tests.Hints.HintEngineTests.GetHints_RemovedGitFlowCommand_ReturnsEmpty
2026-07-31T00:34:56.9289472+00:00	END	Twig.Cli.Tests.Hints.HintEngineTests.GetHints_RemovedGitFlowCommand_ReturnsEmpty
2026-07-31T00:34:56.9290193+00:00	START	Twig.Cli.Tests.Hints.HintEngineTests.GetHints_RemovedGitFlowCommand_ReturnsEmpty
2026-07-31T00:34:56.9292625+00:00	END	Twig.Cli.Tests.Hints.HintEngineTests.GetHints_RemovedGitFlowCommand_ReturnsEmpty
2026-07-31T00:34:56.9293344+00:00	START	Twig.Cli.Tests.Hints.HintEngineTests.GetHints_RemovedGitFlowCommand_ReturnsEmpty
2026-07-31T00:34:56.9293661+00:00	END	Twig.Cli.Tests.Hints.HintEngineTests.GetHints_RemovedGitFlowCommand_ReturnsEmpty
2026-07-31T00:34:56.9294210+00:00	START	Twig.Cli.Tests.Hints.HintEngineTests.GetHints_RemovedGitFlowCommand_ReturnsEmpty
2026-07-31T00:34:56.9294526+00:00	END	Twig.Cli.Tests.Hints.HintEngineTests.GetHints_RemovedGitFlowCommand_ReturnsEmpty
2026-07-31T00:34:56.9295062+00:00	START	Twig.Cli.Tests.Hints.HintEngineTests.GetHints_RemovedGitFlowCommand_ReturnsEmpty
2026-07-31T00:34:56.9295357+00:00	END	Twig.Cli.Tests.Hints.HintEngineTests.GetHints_RemovedGitFlowCommand_ReturnsEmpty
2026-07-31T00:34:56.9309051+00:00	START	Twig.Cli.Tests.Hints.HintEngineTests.GetHints_RemovedGitFlowCommand_ReturnsEmpty
2026-07-31T00:34:56.9309443+00:00	END	Twig.Cli.Tests.Hints.HintEngineTests.GetHints_RemovedGitFlowCommand_ReturnsEmpty
2026-07-31T00:34:56.9310082+00:00	START	Twig.Cli.Tests.Hints.HintEngineTests.GetHints_Show_OneStale_UsesSingularNoun
2026-07-31T00:34:56.9313563+00:00	END	Twig.Cli.Tests.Hints.HintEngineTests.GetHints_Show_OneStale_UsesSingularNoun
2026-07-31T00:34:56.9314296+00:00	START	Twig.Cli.Tests.Hints.HintEngineTests.GetHints_Delete_HintsDisabled_ReturnsEmpty
2026-07-31T00:34:56.9316097+00:00	END	Twig.Cli.Tests.Hints.HintEngineTests.GetHints_Delete_HintsDisabled_ReturnsEmpty
2026-07-31T00:34:56.9316843+00:00	START	Twig.Cli.Tests.Hints.HintEngineTests.GetHints_Set_ReturnsNavigationHints
2026-07-31T00:34:56.9319167+00:00	END	Twig.Cli.Tests.Hints.HintEngineTests.GetHints_Set_ReturnsNavigationHints
2026-07-31T00:34:56.9319940+00:00	START	Twig.Cli.Tests.Hints.HintEngineTests.GetHints_StateD_NullProcessConfig_FallsBackToHeuristics
2026-07-31T00:34:56.9339415+00:00	END	Twig.Cli.Tests.Hints.HintEngineTests.GetHints_StateD_NullProcessConfig_FallsBackToHeuristics
2026-07-31T00:34:56.9340224+00:00	START	Twig.Cli.Tests.Hints.HintEngineTests.GetHints_Edit_StagedMessage
2026-07-31T00:34:56.9342670+00:00	END	Twig.Cli.Tests.Hints.HintEngineTests.GetHints_Edit_StagedMessage
2026-07-31T00:34:56.9343401+00:00	START	Twig.Cli.Tests.Hints.HintEngineTests.GetHints_StateD_AllSiblingsDone_SuggestsUp
2026-07-31T00:34:56.9361581+00:00	END	Twig.Cli.Tests.Hints.HintEngineTests.GetHints_StateD_AllSiblingsDone_SuggestsUp
2026-07-31T00:34:56.9362378+00:00	START	Twig.Cli.Tests.Hints.HintEngineTests.GetHints_Show_NoStaleSeeds_ReturnsEmpty
2026-07-31T00:34:56.9363966+00:00	END	Twig.Cli.Tests.Hints.HintEngineTests.GetHints_Show_NoStaleSeeds_ReturnsEmpty
2026-07-31T00:34:56.9364725+00:00	START	Twig.Cli.Tests.Hints.HintEngineTests.GetHints_StateD_WithScrumConfig_UsesDoneInHint
2026-07-31T00:34:56.9640046+00:00	END	Twig.Cli.Tests.Hints.HintEngineTests.GetHints_StateD_WithScrumConfig_UsesDoneInHint
2026-07-31T00:34:56.9641487+00:00	START	Twig.Cli.Tests.Hints.HintEngineTests.GetHints_Delete_RecommendsClosed
2026-07-31T00:34:56.9643994+00:00	END	Twig.Cli.Tests.Hints.HintEngineTests.GetHints_Delete_RecommendsClosed
2026-07-31T00:34:56.9644910+00:00	START	Twig.Cli.Tests.Hints.HintEngineTests.GetHints_StateD_ProviderThrows_FallsBackToHeuristics
2026-07-31T00:34:56.9661076+00:00	END	Twig.Cli.Tests.Hints.HintEngineTests.GetHints_StateD_ProviderThrows_FallsBackToHeuristics
2026-07-31T00:34:56.9661911+00:00	START	Twig.Cli.Tests.Hints.HintEngineTests.GetHints_Workspace_DirtyItems_WarnsAboutSave
2026-07-31T00:34:56.9671391+00:00	END	Twig.Cli.Tests.Hints.HintEngineTests.GetHints_Workspace_DirtyItems_WarnsAboutSave
2026-07-31T00:34:56.9672179+00:00	START	Twig.Cli.Tests.Hints.HintEngineTests.GetHints_MinimalFormat_ReturnsEmpty
2026-07-31T00:34:56.9673710+00:00	END	Twig.Cli.Tests.Hints.HintEngineTests.GetHints_MinimalFormat_ReturnsEmpty
2026-07-31T00:34:56.9674452+00:00	START	Twig.Cli.Tests.Hints.HintEngineTests.GetHints_JsonFormat_ReturnsEmpty
2026-07-31T00:34:56.9675943+00:00	END	Twig.Cli.Tests.Hints.HintEngineTests.GetHints_JsonFormat_ReturnsEmpty
2026-07-31T00:34:56.9676673+00:00	START	Twig.Cli.Tests.Hints.HintEngineTests.GetHints_UnknownCommand_ReturnsEmpty
2026-07-31T00:34:56.9678081+00:00	END	Twig.Cli.Tests.Hints.HintEngineTests.GetHints_UnknownCommand_ReturnsEmpty
2026-07-31T00:34:56.9678797+00:00	START	Twig.Cli.Tests.Hints.HintEngineTests.GetHints_Workspace_MultipleDirtyItems_UsesPluralGrammar
2026-07-31T00:34:56.9681758+00:00	END	Twig.Cli.Tests.Hints.HintEngineTests.GetHints_Workspace_MultipleDirtyItems_UsesPluralGrammar
2026-07-31T00:34:56.9682496+00:00	START	Twig.Cli.Tests.Hints.HintEngineTests.GetHints_StateD_PendingNotes_WarnsAboutSave
2026-07-31T00:34:56.9699136+00:00	END	Twig.Cli.Tests.Hints.HintEngineTests.GetHints_StateD_PendingNotes_WarnsAboutSave
2026-07-31T00:34:56.9699942+00:00	START	Twig.Cli.Tests.Hints.HintEngineTests.GetHints_Delete_JsonFormat_ReturnsEmpty
2026-07-31T00:34:56.9701752+00:00	END	Twig.Cli.Tests.Hints.HintEngineTests.GetHints_Delete_JsonFormat_ReturnsEmpty
2026-07-31T00:34:56.9702485+00:00	START	Twig.Cli.Tests.Hints.HintEngineTests.GetHints_StateD_CustomNonStandardCompletedState_UsesConfiguredName
2026-07-31T00:34:56.9711626+00:00	END	Twig.Cli.Tests.Hints.HintEngineTests.GetHints_StateD_CustomNonStandardCompletedState_UsesConfiguredName
2026-07-31T00:34:56.9712403+00:00	START	Twig.Cli.Tests.Hints.HintEngineTests.GetHints_StateD_UnknownItemType_FallsBackToHeuristics
2026-07-31T00:34:56.9749067+00:00	END	Twig.Cli.Tests.Hints.HintEngineTests.GetHints_StateD_UnknownItemType_FallsBackToHeuristics
2026-07-31T00:34:56.9749953+00:00	START	Twig.Cli.Tests.Hints.HintEngineTests.GetHints_Workspace_NoDirtyItems_ReturnsEmpty
2026-07-31T00:34:56.9751993+00:00	END	Twig.Cli.Tests.Hints.HintEngineTests.GetHints_Workspace_NoDirtyItems_ReturnsEmpty
2026-07-31T00:34:56.9752770+00:00	START	Twig.Cli.Tests.Hints.HintEngineTests.GetHints_Note_Pushed_EmitsNoStagedHint
2026-07-31T00:34:56.9754303+00:00	END	Twig.Cli.Tests.Hints.HintEngineTests.GetHints_Note_Pushed_EmitsNoStagedHint
2026-07-31T00:34:56.9755045+00:00	START	Twig.Cli.Tests.Hints.HintEngineTests.GetHints_Show_MultipleStale_UsesPluralNoun
2026-07-31T00:34:56.9757645+00:00	END	Twig.Cli.Tests.Hints.HintEngineTests.GetHints_Show_MultipleStale_UsesPluralNoun
2026-07-31T00:34:56.9758375+00:00	START	Twig.Cli.Tests.Hints.HintEngineTests.GetHints_Note_Staged_DoesNotNameDeprecatedSaveOrFieldSetterUpdate
2026-07-31T00:34:56.9760281+00:00	END	Twig.Cli.Tests.Hints.HintEngineTests.GetHints_Note_Staged_DoesNotNameDeprecatedSaveOrFieldSetterUpdate
2026-07-31T00:34:56.9761005+00:00	START	Twig.Cli.Tests.Hints.HintEngineTests.GetHints_StateX_SuggestsUp
2026-07-31T00:34:56.9763156+00:00	END	Twig.Cli.Tests.Hints.HintEngineTests.GetHints_StateX_SuggestsUp
2026-07-31T00:34:56.9763876+00:00	START	Twig.Cli.Tests.Hints.HintEngineTests.GetHints_StateD_NullItem_FallsBackToHeuristics
2026-07-31T00:34:56.9780155+00:00	END	Twig.Cli.Tests.Hints.HintEngineTests.GetHints_StateD_NullItem_FallsBackToHeuristics
2026-07-31T00:34:56.9780946+00:00	START	Twig.Cli.Tests.Hints.HintEngineTests.GetHints_StateD_WithAgileConfig_UsesClosedInHint
2026-07-31T00:34:56.9787790+00:00	END	Twig.Cli.Tests.Hints.HintEngineTests.GetHints_StateD_WithAgileConfig_UsesClosedInHint
2026-07-31T00:34:56.9788667+00:00	START	Twig.Cli.Tests.Hints.HintEngineTests.GetHints_Note_Staged_EmitsRecoveryHintNamingSync
2026-07-31T00:34:56.9790984+00:00	END	Twig.Cli.Tests.Hints.HintEngineTests.GetHints_Note_Staged_EmitsRecoveryHintNamingSync
2026-07-31T00:34:56.9791730+00:00	START	Twig.Cli.Tests.Hints.HintEngineTests.GetHints_StateD_NotAllSiblingsDone_NoUpHint
2026-07-31T00:34:56.9799065+00:00	END	Twig.Cli.Tests.Hints.HintEngineTests.GetHints_StateD_NotAllSiblingsDone_NoUpHint
2026-07-31T00:34:56.9799853+00:00	START	Twig.Cli.Tests.Hints.HintEngineTests.GetHints_Query_ReturnsAllThreeHints
2026-07-31T00:34:56.9802347+00:00	END	Twig.Cli.Tests.Hints.HintEngineTests.GetHints_Query_ReturnsAllThreeHints
2026-07-31T00:34:56.9803094+00:00	START	Twig.Cli.Tests.Hints.HintEngineTests.GetHints_Seed_ShowsCreatedId
2026-07-31T00:34:56.9810012+00:00	END	Twig.Cli.Tests.Hints.HintEngineTests.GetHints_Seed_ShowsCreatedId
2026-07-31T00:34:56.9810769+00:00	START	Twig.Cli.Tests.Hints.HintEngineTests.GetHints_HintsDisabled_ReturnsEmpty
2026-07-31T00:34:56.9812560+00:00	END	Twig.Cli.Tests.Hints.HintEngineTests.GetHints_HintsDisabled_ReturnsEmpty
2026-07-31T00:34:56.9813285+00:00	START	Twig.Cli.Tests.Hints.HintEngineTests.GetHints_StateD_WithBasicConfig_UsesDoneInHint
2026-07-31T00:34:56.9823427+00:00	END	Twig.Cli.Tests.Hints.HintEngineTests.GetHints_StateD_WithBasicConfig_UsesDoneInHint
2026-07-31T00:34:56.9824229+00:00	START	Twig.Cli.Tests.Hints.HintEngineTests.GetHints_StateD_WithProcessConfig_ResolvesSiblingStatesFromEntries
2026-07-31T00:34:56.9831039+00:00	END	Twig.Cli.Tests.Hints.HintEngineTests.GetHints_StateD_WithProcessConfig_ResolvesSiblingStatesFromEntries
2026-07-31T00:34:56.9835678+00:00	START	Twig.Cli.Tests.Commands.StatusFieldConfigReaderTests.ReadAsync_Returns_Null_When_File_Missing
2026-07-31T00:34:56.9849851+00:00	END	Twig.Cli.Tests.Commands.StatusFieldConfigReaderTests.ReadAsync_Returns_Null_When_File_Missing
2026-07-31T00:34:56.9851942+00:00	START	Twig.Cli.Tests.Commands.StatusFieldConfigReaderTests.ReadAsync_Returns_Empty_List_For_Comments_Only_File
2026-07-31T00:34:56.9936506+00:00	END	Twig.Cli.Tests.Commands.StatusFieldConfigReaderTests.ReadAsync_Returns_Empty_List_For_Comments_Only_File
2026-07-31T00:34:56.9938685+00:00	START	Twig.Cli.Tests.Commands.StatusFieldConfigReaderTests.ReadAsync_Returns_Null_On_Parse_Error
2026-07-31T00:34:56.9945407+00:00	END	Twig.Cli.Tests.Commands.StatusFieldConfigReaderTests.ReadAsync_Returns_Null_On_Parse_Error
2026-07-31T00:34:56.9946905+00:00	START	Twig.Cli.Tests.Commands.StatusFieldConfigReaderTests.ReadAsync_Supports_Cancellation
2026-07-31T00:34:57.0077217+00:00	END	Twig.Cli.Tests.Commands.StatusFieldConfigReaderTests.ReadAsync_Supports_Cancellation
2026-07-31T00:34:57.0079847+00:00	START	Twig.Cli.Tests.Commands.StatusFieldConfigReaderTests.ReadAsync_Returns_Entries_When_File_Exists
2026-07-31T00:34:57.0217534+00:00	END	Twig.Cli.Tests.Commands.StatusFieldConfigReaderTests.ReadAsync_Returns_Entries_When_File_Exists
2026-07-31T00:34:57.0222961+00:00	START	Twig.Cli.Tests.Rendering.SpectreThemeTests.FormatState_EmptyState_ReturnsDash
2026-07-31T00:34:57.0225513+00:00	END	Twig.Cli.Tests.Rendering.SpectreThemeTests.FormatState_EmptyState_ReturnsDash
2026-07-31T00:34:57.0226494+00:00	START	Twig.Cli.Tests.Rendering.SpectreThemeTests.FormatTypeBadge_WithAppearanceColor_UsesHexColor
2026-07-31T00:34:57.0238949+00:00	END	Twig.Cli.Tests.Rendering.SpectreThemeTests.FormatTypeBadge_WithAppearanceColor_UsesHexColor
2026-07-31T00:34:57.0239761+00:00	START	Twig.Cli.Tests.Rendering.SpectreThemeTests.FormatState_NullStateEntries_FallsBackToFallbackCategory
2026-07-31T00:34:57.0241300+00:00	END	Twig.Cli.Tests.Rendering.SpectreThemeTests.FormatState_NullStateEntries_FallsBackToFallbackCategory
2026-07-31T00:34:57.0242062+00:00	START	Twig.Cli.Tests.Rendering.SpectreThemeTests.FormatSeedIndicator_UnicodeMode_ReturnsGreenBullet
2026-07-31T00:34:57.0243695+00:00	END	Twig.Cli.Tests.Rendering.SpectreThemeTests.FormatSeedIndicator_UnicodeMode_ReturnsGreenBullet
2026-07-31T00:34:57.0244541+00:00	START	Twig.Cli.Tests.Rendering.SpectreThemeTests.FormatSeedIndicator_IsValidSpectreMarkup
2026-07-31T00:34:57.0282309+00:00	END	Twig.Cli.Tests.Rendering.SpectreThemeTests.FormatSeedIndicator_IsValidSpectreMarkup
2026-07-31T00:34:57.0283178+00:00	START	Twig.Cli.Tests.Rendering.SpectreThemeTests.FormatSeedIndicator_NerdMode_ReturnsGreenSeedling
2026-07-31T00:34:57.0285005+00:00	END	Twig.Cli.Tests.Rendering.SpectreThemeTests.FormatSeedIndicator_NerdMode_ReturnsGreenSeedling
2026-07-31T00:34:57.0285884+00:00	START	Twig.Cli.Tests.Rendering.SpectreThemeTests.CreateWorkspaceTable_WithWidthHint_SetsTitleColumnWidth
2026-07-31T00:34:57.0304668+00:00	END	Twig.Cli.Tests.Rendering.SpectreThemeTests.CreateWorkspaceTable_WithWidthHint_SetsTitleColumnWidth
2026-07-31T00:34:57.0305444+00:00	START	Twig.Cli.Tests.Rendering.SpectreThemeTests.CreateWorkspaceTable_WithWidthHint_SetsTitleColumnWidth
2026-07-31T00:34:57.0309533+00:00	END	Twig.Cli.Tests.Rendering.SpectreThemeTests.CreateWorkspaceTable_WithWidthHint_SetsTitleColumnWidth
2026-07-31T00:34:57.0310275+00:00	START	Twig.Cli.Tests.Rendering.SpectreThemeTests.CreateWorkspaceTable_WithWidthHint_SetsTitleColumnWidth
2026-07-31T00:34:57.0311092+00:00	END	Twig.Cli.Tests.Rendering.SpectreThemeTests.CreateWorkspaceTable_WithWidthHint_SetsTitleColumnWidth
2026-07-31T00:34:57.0311786+00:00	START	Twig.Cli.Tests.Rendering.SpectreThemeTests.FormatState_WithStateEntries_UsesEntries
2026-07-31T00:34:57.0391443+00:00	END	Twig.Cli.Tests.Rendering.SpectreThemeTests.FormatState_WithStateEntries_UsesEntries
2026-07-31T00:34:57.0392980+00:00	START	Twig.Cli.Tests.Rendering.SpectreThemeTests.FormatState_ReturnsCorrectColorForCategory
2026-07-31T00:34:57.0395041+00:00	END	Twig.Cli.Tests.Rendering.SpectreThemeTests.FormatState_ReturnsCorrectColorForCategory
2026-07-31T00:34:57.0395955+00:00	START	Twig.Cli.Tests.Rendering.SpectreThemeTests.FormatState_ReturnsCorrectColorForCategory
2026-07-31T00:34:57.0398736+00:00	END	Twig.Cli.Tests.Rendering.SpectreThemeTests.FormatState_ReturnsCorrectColorForCategory
2026-07-31T00:34:57.0399526+00:00	START	Twig.Cli.Tests.Rendering.SpectreThemeTests.FormatState_ReturnsCorrectColorForCategory
2026-07-31T00:34:57.0399901+00:00	END	Twig.Cli.Tests.Rendering.SpectreThemeTests.FormatState_ReturnsCorrectColorForCategory
2026-07-31T00:34:57.0400491+00:00	START	Twig.Cli.Tests.Rendering.SpectreThemeTests.FormatState_ReturnsCorrectColorForCategory
2026-07-31T00:34:57.0400850+00:00	END	Twig.Cli.Tests.Rendering.SpectreThemeTests.FormatState_ReturnsCorrectColorForCategory
2026-07-31T00:34:57.0401411+00:00	START	Twig.Cli.Tests.Rendering.SpectreThemeTests.FormatState_ReturnsCorrectColorForCategory
2026-07-31T00:34:57.0401748+00:00	END	Twig.Cli.Tests.Rendering.SpectreThemeTests.FormatState_ReturnsCorrectColorForCategory
2026-07-31T00:34:57.0402323+00:00	START	Twig.Cli.Tests.Rendering.SpectreThemeTests.FormatState_ReturnsCorrectColorForCategory
2026-07-31T00:34:57.0402661+00:00	END	Twig.Cli.Tests.Rendering.SpectreThemeTests.FormatState_ReturnsCorrectColorForCategory
2026-07-31T00:34:57.0403223+00:00	START	Twig.Cli.Tests.Rendering.SpectreThemeTests.FormatState_ReturnsCorrectColorForCategory
2026-07-31T00:34:57.0403557+00:00	END	Twig.Cli.Tests.Rendering.SpectreThemeTests.FormatState_ReturnsCorrectColorForCategory
2026-07-31T00:34:57.0404195+00:00	START	Twig.Cli.Tests.Rendering.SpectreThemeTests.GetTypeBadge_NerdModeWithIconId_ReturnsNerdFontGlyph
2026-07-31T00:34:57.0456578+00:00	END	Twig.Cli.Tests.Rendering.SpectreThemeTests.GetTypeBadge_NerdModeWithIconId_ReturnsNerdFontGlyph
2026-07-31T00:34:57.0457646+00:00	START	Twig.Cli.Tests.Rendering.SpectreThemeTests.CreateWorkspaceTable_NoWidthHint_TitleColumnWidthIsNull
2026-07-31T00:34:57.0460338+00:00	END	Twig.Cli.Tests.Rendering.SpectreThemeTests.CreateWorkspaceTable_NoWidthHint_TitleColumnWidthIsNull
2026-07-31T00:34:57.0461349+00:00	START	Twig.Cli.Tests.Rendering.SpectreThemeTests.GetTypeBadge_UnknownType_ReturnsFirstCharUppercased
2026-07-31T00:34:57.0464019+00:00	END	Twig.Cli.Tests.Rendering.SpectreThemeTests.GetTypeBadge_UnknownType_ReturnsFirstCharUppercased
2026-07-31T00:34:57.0464908+00:00	START	Twig.Cli.Tests.Rendering.SpectreThemeTests.GetTypeBadge_WithIconId_MatchesHumanOutputFormatter
2026-07-31T00:34:57.0468606+00:00	END	Twig.Cli.Tests.Rendering.SpectreThemeTests.GetTypeBadge_WithIconId_MatchesHumanOutputFormatter
2026-07-31T00:34:57.0469408+00:00	START	Twig.Cli.Tests.Rendering.SpectreThemeTests.GetTypeBadge_AllKnownTypes_MatchIconSetResolveTypeBadge
2026-07-31T00:34:57.0474783+00:00	END	Twig.Cli.Tests.Rendering.SpectreThemeTests.GetTypeBadge_AllKnownTypes_MatchIconSetResolveTypeBadge
2026-07-31T00:34:57.0475580+00:00	START	Twig.Cli.Tests.Rendering.SpectreThemeTests.FormatTypeBadge_ContainsSpectreMarkup
2026-07-31T00:34:57.0477449+00:00	END	Twig.Cli.Tests.Rendering.SpectreThemeTests.FormatTypeBadge_ContainsSpectreMarkup
2026-07-31T00:34:57.0478230+00:00	START	Twig.Cli.Tests.Rendering.SpectreThemeTests.CreateWorkspaceTable_ReturnsTable
2026-07-31T00:34:57.0480917+00:00	END	Twig.Cli.Tests.Rendering.SpectreThemeTests.CreateWorkspaceTable_ReturnsTable
2026-07-31T00:34:57.0481691+00:00	START	Twig.Cli.Tests.Rendering.SpectreThemeTests.CreateWorkspaceTable_WithWidthHint_OtherColumnsUnaffected
2026-07-31T00:34:57.0484536+00:00	END	Twig.Cli.Tests.Rendering.SpectreThemeTests.CreateWorkspaceTable_WithWidthHint_OtherColumnsUnaffected
2026-07-31T00:34:57.0485324+00:00	START	Twig.Cli.Tests.Rendering.SpectreThemeTests.CreateWorkspaceTable_NullWidthHint_TitleColumnWidthIsNull
2026-07-31T00:34:57.0500254+00:00	END	Twig.Cli.Tests.Rendering.SpectreThemeTests.CreateWorkspaceTable_NullWidthHint_TitleColumnWidthIsNull
2026-07-31T00:34:57.0501081+00:00	START	Twig.Cli.Tests.Rendering.SpectreThemeTests.FormatTypeBadge_WithTypeColor_UsesHexColor
2026-07-31T00:34:57.0504110+00:00	END	Twig.Cli.Tests.Rendering.SpectreThemeTests.FormatTypeBadge_WithTypeColor_UsesHexColor
2026-07-31T00:34:57.0504897+00:00	START	Twig.Cli.Tests.Rendering.SpectreThemeTests.GetStateStyle_CompletedState_ReturnsGreenStyle
2026-07-31T00:34:57.0526449+00:00	END	Twig.Cli.Tests.Rendering.SpectreThemeTests.GetStateStyle_CompletedState_ReturnsGreenStyle
2026-07-31T00:34:57.0527271+00:00	START	Twig.Cli.Tests.Rendering.SpectreThemeTests.GetStateStyle_EmptyState_ReturnsGreyStyle
2026-07-31T00:34:57.0529872+00:00	END	Twig.Cli.Tests.Rendering.SpectreThemeTests.GetStateStyle_EmptyState_ReturnsGreyStyle
2026-07-31T00:34:57.0530644+00:00	START	Twig.Cli.Tests.Rendering.SpectreThemeTests.CreateWorkspaceTable_WithWidthHint_TeamView_SetsTitleColumnWidth
2026-07-31T00:34:57.0534795+00:00	END	Twig.Cli.Tests.Rendering.SpectreThemeTests.CreateWorkspaceTable_WithWidthHint_TeamView_SetsTitleColumnWidth
2026-07-31T00:34:57.0570768+00:00	START	Twig.Cli.Tests.Commands.EditSaveCommandTests.Save_PushesPendingFields
2026-07-31T00:34:57.0697206+00:00	END	Twig.Cli.Tests.Commands.EditSaveCommandTests.Save_PushesPendingFields
2026-07-31T00:34:57.0703908+00:00	START	Twig.Cli.Tests.Commands.EditSaveCommandTests.Save_PatchConflictOnBothAttempts_LogsErrorAndReturnsFailure
2026-07-31T00:34:57.0750551+00:00	END	Twig.Cli.Tests.Commands.EditSaveCommandTests.Save_PatchConflictOnBothAttempts_LogsErrorAndReturnsFailure
2026-07-31T00:34:57.0753966+00:00	START	Twig.Cli.Tests.Commands.EditSaveCommandTests.Edit_NonSeed_ConflictAbort_ReturnsZeroNoPatch
2026-07-31T00:34:57.0838318+00:00	END	Twig.Cli.Tests.Commands.EditSaveCommandTests.Edit_NonSeed_ConflictAbort_ReturnsZeroNoPatch
2026-07-31T00:34:57.0841791+00:00	START	Twig.Cli.Tests.Commands.EditSaveCommandTests.Edit_NonSeed_ConflictAcceptRemote_ReturnsZeroNoPatch
2026-07-31T00:34:57.0858686+00:00	END	Twig.Cli.Tests.Commands.EditSaveCommandTests.Edit_NonSeed_ConflictAcceptRemote_ReturnsZeroNoPatch
2026-07-31T00:34:57.0861305+00:00	START	Twig.Cli.Tests.Commands.EditSaveCommandTests.Edit_NonSeed_PushesDirectly
2026-07-31T00:34:57.0907131+00:00	END	Twig.Cli.Tests.Commands.EditSaveCommandTests.Edit_NonSeed_PushesDirectly
2026-07-31T00:34:57.0910038+00:00	START	Twig.Cli.Tests.Commands.EditSaveCommandTests.Edit_NonSeed_AutoPushNotesFails_DoesNotStageFields
2026-07-31T00:34:57.0937995+00:00	END	Twig.Cli.Tests.Commands.EditSaveCommandTests.Edit_NonSeed_AutoPushNotesFails_DoesNotStageFields
2026-07-31T00:34:57.0940566+00:00	START	Twig.Cli.Tests.Commands.EditSaveCommandTests.Save_MultipleDirtyItems_PushesAll
2026-07-31T00:34:57.0962464+00:00	END	Twig.Cli.Tests.Commands.EditSaveCommandTests.Save_MultipleDirtyItems_PushesAll
2026-07-31T00:34:57.0964821+00:00	START	Twig.Cli.Tests.Commands.EditSaveCommandTests.Edit_SingleFieldMode_UnchangedValue_NoChangeStaged
2026-07-31T00:34:57.0979019+00:00	END	Twig.Cli.Tests.Commands.EditSaveCommandTests.Edit_SingleFieldMode_UnchangedValue_NoChangeStaged
2026-07-31T00:34:57.0981439+00:00	START	Twig.Cli.Tests.Commands.EditSaveCommandTests.Edit_CommentLines_AreIgnored
2026-07-31T00:34:57.0993043+00:00	END	Twig.Cli.Tests.Commands.EditSaveCommandTests.Edit_CommentLines_AreIgnored
2026-07-31T00:34:57.0995469+00:00	START	Twig.Cli.Tests.Commands.EditSaveCommandTests.Edit_NonSeed_ConflictJson_ReturnsOne
2026-07-31T00:34:57.1027113+00:00	END	Twig.Cli.Tests.Commands.EditSaveCommandTests.Edit_NonSeed_ConflictJson_ReturnsOne
2026-07-31T00:34:57.1029717+00:00	START	Twig.Cli.Tests.Commands.EditSaveCommandTests.Edit_ValueContainingColon_ParsedCorrectly
2026-07-31T00:34:57.1053988+00:00	END	Twig.Cli.Tests.Commands.EditSaveCommandTests.Edit_ValueContainingColon_ParsedCorrectly
2026-07-31T00:34:57.1056999+00:00	START	Twig.Cli.Tests.Commands.EditSaveCommandTests.Edit_StateChange_StagesChange
2026-07-31T00:34:57.1071226+00:00	END	Twig.Cli.Tests.Commands.EditSaveCommandTests.Edit_StateChange_StagesChange
2026-07-31T00:34:57.1074898+00:00	START	Twig.Cli.Tests.Commands.EditSaveCommandTests.Edit_SingleFieldMode_OpensEditorWithFieldContent
2026-07-31T00:34:57.1089267+00:00	END	Twig.Cli.Tests.Commands.EditSaveCommandTests.Edit_SingleFieldMode_OpensEditorWithFieldContent
2026-07-31T00:34:57.1091665+00:00	START	Twig.Cli.Tests.Commands.EditSaveCommandTests.Edit_OpensEditor_StagesChanges
2026-07-31T00:34:57.1103286+00:00	END	Twig.Cli.Tests.Commands.EditSaveCommandTests.Edit_OpensEditor_StagesChanges
2026-07-31T00:34:57.1105698+00:00	START	Twig.Cli.Tests.Commands.EditSaveCommandTests.Save_PushesNotes
2026-07-31T00:34:57.1120453+00:00	END	Twig.Cli.Tests.Commands.EditSaveCommandTests.Save_PushesNotes
2026-07-31T00:34:57.1122868+00:00	START	Twig.Cli.Tests.Commands.EditSaveCommandTests.Edit_NonSeed_ResyncFails_WarnsDoesNotStage
2026-07-31T00:34:57.1143294+00:00	END	Twig.Cli.Tests.Commands.EditSaveCommandTests.Edit_NonSeed_ResyncFails_WarnsDoesNotStage
2026-07-31T00:34:57.1145895+00:00	START	Twig.Cli.Tests.Commands.EditSaveCommandTests.Save_PatchConflictOnFirstAttempt_RetriesAndSucceeds
2026-07-31T00:34:57.1165390+00:00	END	Twig.Cli.Tests.Commands.EditSaveCommandTests.Save_PatchConflictOnFirstAttempt_RetriesAndSucceeds
2026-07-31T00:34:57.1167899+00:00	START	Twig.Cli.Tests.Commands.EditSaveCommandTests.Save_NonActiveItem_PushesSuccessfully
2026-07-31T00:34:57.1185599+00:00	END	Twig.Cli.Tests.Commands.EditSaveCommandTests.Save_NonActiveItem_PushesSuccessfully
2026-07-31T00:34:57.1188133+00:00	START	Twig.Cli.Tests.Commands.EditSaveCommandTests.Edit_NonSeed_PushFails_FallsBackToStagingWithWarning
2026-07-31T00:34:57.1211022+00:00	END	Twig.Cli.Tests.Commands.EditSaveCommandTests.Edit_NonSeed_PushFails_FallsBackToStagingWithWarning
2026-07-31T00:34:57.1213500+00:00	START	Twig.Cli.Tests.Commands.EditSaveCommandTests.Edit_EditorAbort_NoChanges
2026-07-31T00:34:57.1238435+00:00	END	Twig.Cli.Tests.Commands.EditSaveCommandTests.Edit_EditorAbort_NoChanges
2026-07-31T00:34:57.1240939+00:00	START	Twig.Cli.Tests.Commands.EditSaveCommandTests.Save_DirtyItemNotInCache_PrintsErrorAndReturnsOne
2026-07-31T00:34:57.1250201+00:00	END	Twig.Cli.Tests.Commands.EditSaveCommandTests.Save_DirtyItemNotInCache_PrintsErrorAndReturnsOne
2026-07-31T00:34:57.1252529+00:00	START	Twig.Cli.Tests.Commands.EditSaveCommandTests.Edit_UnchangedValues_NoChangeStaged
2026-07-31T00:34:57.1266900+00:00	END	Twig.Cli.Tests.Commands.EditSaveCommandTests.Edit_UnchangedValues_NoChangeStaged
2026-07-31T00:34:57.1269257+00:00	START	Twig.Cli.Tests.Commands.EditSaveCommandTests.Save_NoPending_NoOp
2026-07-31T00:34:57.1280636+00:00	END	Twig.Cli.Tests.Commands.EditSaveCommandTests.Save_NoPending_NoOp
2026-07-31T00:34:57.1282939+00:00	START	Twig.Cli.Tests.Commands.EditSaveCommandTests.Edit_LineWithNoColon_IsIgnored
2026-07-31T00:34:57.1292066+00:00	END	Twig.Cli.Tests.Commands.EditSaveCommandTests.Edit_LineWithNoColon_IsIgnored
2026-07-31T00:34:57.1294370+00:00	START	Twig.Cli.Tests.Commands.EditSaveCommandTests.Save_OneItemFails_OtherSucceeds_ReturnsOne
2026-07-31T00:34:57.1314560+00:00	END	Twig.Cli.Tests.Commands.EditSaveCommandTests.Save_OneItemFails_OtherSucceeds_ReturnsOne
2026-07-31T00:34:57.1317199+00:00	START	Twig.Cli.Tests.Commands.EditSaveCommandTests.Edit_Seed_StagesLocally
2026-07-31T00:34:57.1334741+00:00	END	Twig.Cli.Tests.Commands.EditSaveCommandTests.Edit_Seed_StagesLocally
2026-07-31T00:34:57.1348474+00:00	START	Twig.Cli.Tests.Commands.NewCommand_ContextChangeTests.New_NullContextChangeService_DoesNotCallExtension
2026-07-31T00:34:57.1479536+00:00	END	Twig.Cli.Tests.Commands.NewCommand_ContextChangeTests.New_NullContextChangeService_DoesNotCallExtension
2026-07-31T00:34:57.1484602+00:00	START	Twig.Cli.Tests.Commands.NewCommand_ContextChangeTests.New_ExtensionFailure_DoesNotFailCommand
2026-07-31T00:34:57.1552272+00:00	END	Twig.Cli.Tests.Commands.NewCommand_ContextChangeTests.New_ExtensionFailure_DoesNotFailCommand
2026-07-31T00:34:57.1556160+00:00	START	Twig.Cli.Tests.Commands.NewCommand_ContextChangeTests.New_WithoutSetFlag_DoesNotInvokeContextChangeExtension
2026-07-31T00:34:57.1570613+00:00	END	Twig.Cli.Tests.Commands.NewCommand_ContextChangeTests.New_WithoutSetFlag_DoesNotInvokeContextChangeExtension
2026-07-31T00:34:57.1573849+00:00	START	Twig.Cli.Tests.Commands.NewCommand_ContextChangeTests.New_WithSetFlag_InvokesContextChangeExtension
2026-07-31T00:34:57.1594921+00:00	END	Twig.Cli.Tests.Commands.NewCommand_ContextChangeTests.New_WithSetFlag_InvokesContextChangeExtension
2026-07-31T00:34:57.1660007+00:00	START	Twig.Cli.Tests.Commands.SeedLinkRepairCommandTests.Execute_LinksRemoved_JsonOutputShowsCounts
2026-07-31T00:34:57.1770685+00:00	END	Twig.Cli.Tests.Commands.SeedLinkRepairCommandTests.Execute_LinksRemoved_JsonOutputShowsCounts
2026-07-31T00:34:57.1783292+00:00	START	Twig.Cli.Tests.Commands.SeedLinkRepairCommandTests.Execute_WithWarnings_StillReturns0
2026-07-31T00:34:57.1834484+00:00	END	Twig.Cli.Tests.Commands.SeedLinkRepairCommandTests.Execute_WithWarnings_StillReturns0
2026-07-31T00:34:57.1840875+00:00	START	Twig.Cli.Tests.Commands.SeedLinkRepairCommandTests.Execute_NothingToDo_OutputsNothingToReconcile
2026-07-31T00:34:57.1848282+00:00	END	Twig.Cli.Tests.Commands.SeedLinkRepairCommandTests.Execute_NothingToDo_OutputsNothingToReconcile
2026-07-31T00:34:57.1863738+00:00	START	Twig.Cli.Tests.Commands.SeedLinkRepairCommandTests.Execute_NothingToDo_JsonOutput
2026-07-31T00:34:57.1869894+00:00	END	Twig.Cli.Tests.Commands.SeedLinkRepairCommandTests.Execute_NothingToDo_JsonOutput
2026-07-31T00:34:57.1872903+00:00	START	Twig.Cli.Tests.Commands.SeedLinkRepairCommandTests.Execute_LinksRepaired_HumanOutputShowsCounts
2026-07-31T00:34:57.1900178+00:00	END	Twig.Cli.Tests.Commands.SeedLinkRepairCommandTests.Execute_LinksRepaired_HumanOutputShowsCounts
2026-07-31T00:34:57.1903453+00:00	START	Twig.Cli.Tests.Commands.SeedLinkRepairCommandTests.Execute_NothingToDo_MinimalOutput
2026-07-31T00:34:57.1914092+00:00	END	Twig.Cli.Tests.Commands.SeedLinkRepairCommandTests.Execute_NothingToDo_MinimalOutput
2026-07-31T00:34:57.1917344+00:00	START	Twig.Cli.Tests.Commands.SeedLinkRepairCommandTests.Execute_MinimalOutput_ShowsRepairCounts
2026-07-31T00:34:57.1928236+00:00	END	Twig.Cli.Tests.Commands.SeedLinkRepairCommandTests.Execute_MinimalOutput_ShowsRepairCounts
2026-07-31T00:34:57.1932901+00:00	START	Twig.Cli.Tests.Commands.SetCommand_SlimTests.RecordsHistory_WhenHistoryStoreProvided
2026-07-31T00:34:57.1966791+00:00	END	Twig.Cli.Tests.Commands.SetCommand_SlimTests.RecordsHistory_WhenHistoryStoreProvided
2026-07-31T00:34:57.1968930+00:00	START	Twig.Cli.Tests.Commands.SetCommand_SlimTests.JsonFormat_OutputsStructuredJson
2026-07-31T00:34:57.1984504+00:00	END	Twig.Cli.Tests.Commands.SetCommand_SlimTests.JsonFormat_OutputsStructuredJson
2026-07-31T00:34:57.1986006+00:00	START	Twig.Cli.Tests.Commands.SetCommand_SlimTests.HumanFormat_OutputsSetActiveItemLine
2026-07-31T00:34:57.1994490+00:00	END	Twig.Cli.Tests.Commands.SetCommand_SlimTests.HumanFormat_OutputsSetActiveItemLine
2026-07-31T00:34:57.1998169+00:00	START	Twig.Cli.Tests.Commands.SetCommand_SlimTests.WritesPromptState_WhenProvided
2026-07-31T00:34:57.2008827+00:00	END	Twig.Cli.Tests.Commands.SetCommand_SlimTests.WritesPromptState_WhenProvided
2026-07-31T00:34:57.2010089+00:00	START	Twig.Cli.Tests.Commands.SetCommand_SlimTests.MinimalFormat_OutputsOnlyIdHash
2026-07-31T00:34:57.2016461+00:00	END	Twig.Cli.Tests.Commands.SetCommand_SlimTests.MinimalFormat_OutputsOnlyIdHash
2026-07-31T00:34:57.2017713+00:00	START	Twig.Cli.Tests.Commands.SetCommand_SlimTests.DoesNotLoadChildrenParentsOrSync
2026-07-31T00:34:57.2031210+00:00	END	Twig.Cli.Tests.Commands.SetCommand_SlimTests.DoesNotLoadChildrenParentsOrSync
2026-07-31T00:34:57.2032442+00:00	START	Twig.Cli.Tests.Commands.SetCommand_SlimTests.HumanFormat_DoesNotEmitHints
2026-07-31T00:34:57.2044468+00:00	END	Twig.Cli.Tests.Commands.SetCommand_SlimTests.HumanFormat_DoesNotEmitHints
2026-07-31T00:34:57.2045733+00:00	START	Twig.Cli.Tests.Commands.SetCommand_SlimTests.JsonCompactFormat_OutputsStructuredJson
2026-07-31T00:34:57.2052057+00:00	END	Twig.Cli.Tests.Commands.SetCommand_SlimTests.JsonCompactFormat_OutputsStructuredJson
2026-07-31T00:34:57.2054345+00:00	START	Twig.Cli.Tests.Commands.CorruptionExceptionTests.ExceptionHandler_AdoNotFoundException_ShowsWorkItemMessage
2026-07-31T00:34:57.2065169+00:00	END	Twig.Cli.Tests.Commands.CorruptionExceptionTests.ExceptionHandler_AdoNotFoundException_ShowsWorkItemMessage
2026-07-31T00:34:57.2072635+00:00	START	Twig.Cli.Tests.Commands.CorruptionExceptionTests.ExceptionHandler_AdoNotFoundException_NullId_ShowsGenericMessage
2026-07-31T00:34:57.2074517+00:00	END	Twig.Cli.Tests.Commands.CorruptionExceptionTests.ExceptionHandler_AdoNotFoundException_NullId_ShowsGenericMessage
2026-07-31T00:34:57.2075197+00:00	START	Twig.Cli.Tests.Commands.CorruptionExceptionTests.ExceptionHandler_WrappedSqliteException_ShowsCorruptionMessage
2026-07-31T00:34:57.2081557+00:00	END	Twig.Cli.Tests.Commands.CorruptionExceptionTests.ExceptionHandler_WrappedSqliteException_ShowsCorruptionMessage
2026-07-31T00:34:57.2082245+00:00	START	Twig.Cli.Tests.Commands.CorruptionExceptionTests.ExceptionHandler_SqliteException_ShowsCorruptionMessage
2026-07-31T00:34:57.2084049+00:00	END	Twig.Cli.Tests.Commands.CorruptionExceptionTests.ExceptionHandler_SqliteException_ShowsCorruptionMessage
2026-07-31T00:34:57.2086291+00:00	START	Twig.Cli.Tests.Commands.JoinTrailingTextTests.Named_nonnull_wins_when_positional_null
2026-07-31T00:34:57.2088437+00:00	END	Twig.Cli.Tests.Commands.JoinTrailingTextTests.Named_nonnull_wins_when_positional_null
2026-07-31T00:34:57.2089108+00:00	START	Twig.Cli.Tests.Commands.JoinTrailingTextTests.Null_named_empty_positional_returns_null
2026-07-31T00:34:57.2090264+00:00	END	Twig.Cli.Tests.Commands.JoinTrailingTextTests.Null_named_empty_positional_returns_null
2026-07-31T00:34:57.2090952+00:00	START	Twig.Cli.Tests.Commands.JoinTrailingTextTests.Positional_tokens_joined_with_single_space
2026-07-31T00:34:57.2092034+00:00	END	Twig.Cli.Tests.Commands.JoinTrailingTextTests.Positional_tokens_joined_with_single_space
2026-07-31T00:34:57.2092650+00:00	START	Twig.Cli.Tests.Commands.JoinTrailingTextTests.Positional_tokens_joined_with_single_space
2026-07-31T00:34:57.2094806+00:00	END	Twig.Cli.Tests.Commands.JoinTrailingTextTests.Positional_tokens_joined_with_single_space
2026-07-31T00:34:57.2095450+00:00	START	Twig.Cli.Tests.Commands.JoinTrailingTextTests.Positional_tokens_joined_with_single_space
2026-07-31T00:34:57.2104361+00:00	END	Twig.Cli.Tests.Commands.JoinTrailingTextTests.Positional_tokens_joined_with_single_space
2026-07-31T00:34:57.2105088+00:00	START	Twig.Cli.Tests.Commands.JoinTrailingTextTests.Positional_tokens_joined_with_single_space
2026-07-31T00:34:57.2105479+00:00	END	Twig.Cli.Tests.Commands.JoinTrailingTextTests.Positional_tokens_joined_with_single_space
2026-07-31T00:34:57.2106113+00:00	START	Twig.Cli.Tests.Commands.JoinTrailingTextTests.Both_null_returns_null
2026-07-31T00:34:57.2107155+00:00	END	Twig.Cli.Tests.Commands.JoinTrailingTextTests.Both_null_returns_null
2026-07-31T00:34:57.2107797+00:00	START	Twig.Cli.Tests.Commands.JoinTrailingTextTests.Named_nonnull_wins_over_positional
2026-07-31T00:34:57.2109072+00:00	END	Twig.Cli.Tests.Commands.JoinTrailingTextTests.Named_nonnull_wins_over_positional
2026-07-31T00:34:57.2149576+00:00	START	Twig.Cli.Tests.Commands.SeedValidateCommandTests.ValidateSingle_PassingSeed_Returns0
2026-07-31T00:34:57.2245964+00:00	END	Twig.Cli.Tests.Commands.SeedValidateCommandTests.ValidateSingle_PassingSeed_Returns0
2026-07-31T00:34:57.2255193+00:00	START	Twig.Cli.Tests.Commands.SeedValidateCommandTests.ValidateSingle_NonSeedItem_Returns1
2026-07-31T00:34:57.2263161+00:00	END	Twig.Cli.Tests.Commands.SeedValidateCommandTests.ValidateSingle_NonSeedItem_Returns1
2026-07-31T00:34:57.2268161+00:00	START	Twig.Cli.Tests.Commands.SeedValidateCommandTests.ValidateSingle_JsonOutput_ContainsStructuredData
2026-07-31T00:34:57.2288385+00:00	END	Twig.Cli.Tests.Commands.SeedValidateCommandTests.ValidateSingle_JsonOutput_ContainsStructuredData
2026-07-31T00:34:57.2291436+00:00	START	Twig.Cli.Tests.Commands.SeedValidateCommandTests.ValidateSingle_CustomRulesRequireParent_OrphanFails
2026-07-31T00:34:57.2314298+00:00	END	Twig.Cli.Tests.Commands.SeedValidateCommandTests.ValidateSingle_CustomRulesRequireParent_OrphanFails
2026-07-31T00:34:57.2317406+00:00	START	Twig.Cli.Tests.Commands.SeedValidateCommandTests.ValidateAll_NoSeeds_Returns0
2026-07-31T00:34:57.2327481+00:00	END	Twig.Cli.Tests.Commands.SeedValidateCommandTests.ValidateAll_NoSeeds_Returns0
2026-07-31T00:34:57.2330336+00:00	START	Twig.Cli.Tests.Commands.SeedValidateCommandTests.ValidateAll_SomeFail_Returns1
2026-07-31T00:34:57.2342731+00:00	END	Twig.Cli.Tests.Commands.SeedValidateCommandTests.ValidateAll_SomeFail_Returns1
2026-07-31T00:34:57.2345607+00:00	START	Twig.Cli.Tests.Commands.SeedValidateCommandTests.ValidateSingle_FailingSeed_Returns1
2026-07-31T00:34:57.2354924+00:00	END	Twig.Cli.Tests.Commands.SeedValidateCommandTests.ValidateSingle_FailingSeed_Returns1
2026-07-31T00:34:57.2370417+00:00	START	Twig.Cli.Tests.Commands.SeedValidateCommandTests.ValidateSingle_SeedNotFound_Returns1
2026-07-31T00:34:57.2377097+00:00	END	Twig.Cli.Tests.Commands.SeedValidateCommandTests.ValidateSingle_SeedNotFound_Returns1
2026-07-31T00:34:57.2379979+00:00	START	Twig.Cli.Tests.Commands.SeedValidateCommandTests.ValidateAll_JsonOutput_ContainsResultArray
2026-07-31T00:34:57.2388477+00:00	END	Twig.Cli.Tests.Commands.SeedValidateCommandTests.ValidateAll_JsonOutput_ContainsResultArray
2026-07-31T00:34:57.2391324+00:00	START	Twig.Cli.Tests.Commands.SeedValidateCommandTests.ValidateAll_AllPass_Returns0
2026-07-31T00:34:57.2401653+00:00	END	Twig.Cli.Tests.Commands.SeedValidateCommandTests.ValidateAll_AllPass_Returns0
2026-07-31T00:34:57.2404536+00:00	START	Twig.Cli.Tests.Commands.SeedValidateCommandTests.ValidateSingle_MinimalOutput_ShowsPassFail
2026-07-31T00:34:57.2414217+00:00	END	Twig.Cli.Tests.Commands.SeedValidateCommandTests.ValidateSingle_MinimalOutput_ShowsPassFail
2026-07-31T00:34:57.2418148+00:00	START	Twig.Cli.Tests.Rendering.InteractiveTreeRenderTests.BuildPreviewPanel_LinkHighlight_HighlightsCorrectLink
2026-07-31T00:34:57.2789963+00:00	END	Twig.Cli.Tests.Rendering.InteractiveTreeRenderTests.BuildPreviewPanel_LinkHighlight_HighlightsCorrectLink
2026-07-31T00:34:57.2791445+00:00	START	Twig.Cli.Tests.Rendering.InteractiveTreeRenderTests.ProcessKey_UpArrow_AtTop_ReturnsNone
2026-07-31T00:34:57.2821985+00:00	END	Twig.Cli.Tests.Rendering.InteractiveTreeRenderTests.ProcessKey_UpArrow_AtTop_ReturnsNone
2026-07-31T00:34:57.2822812+00:00	START	Twig.Cli.Tests.Rendering.InteractiveTreeRenderTests.BuildInteractiveTreeRenderable_CursorItem_ContainsTypeBadge
2026-07-31T00:34:57.2851648+00:00	END	Twig.Cli.Tests.Rendering.InteractiveTreeRenderTests.BuildInteractiveTreeRenderable_CursorItem_ContainsTypeBadge
2026-07-31T00:34:57.2852663+00:00	START	Twig.Cli.Tests.Rendering.InteractiveTreeRenderTests.ProcessKey_FilterMode_VimJ_AppendsToFilter
2026-07-31T00:34:57.2860570+00:00	END	Twig.Cli.Tests.Rendering.InteractiveTreeRenderTests.ProcessKey_FilterMode_VimJ_AppendsToFilter
2026-07-31T00:34:57.2861329+00:00	START	Twig.Cli.Tests.Rendering.InteractiveTreeRenderTests.ProcessKey_UpArrow_CursorChanges_ReturnsCursorMoved
2026-07-31T00:34:57.2862905+00:00	END	Twig.Cli.Tests.Rendering.InteractiveTreeRenderTests.ProcessKey_UpArrow_CursorChanges_ReturnsCursorMoved
2026-07-31T00:34:57.2863588+00:00	START	Twig.Cli.Tests.Rendering.InteractiveTreeRenderTests.ProcessKey_DownArrow_CursorChanges_ReturnsCursorMoved
2026-07-31T00:34:57.2866420+00:00	END	Twig.Cli.Tests.Rendering.InteractiveTreeRenderTests.ProcessKey_DownArrow_CursorChanges_ReturnsCursorMoved
2026-07-31T00:34:57.2867101+00:00	START	Twig.Cli.Tests.Rendering.InteractiveTreeRenderTests.BuildInteractiveTreeRenderable_NavigateMode_ShowsKeybindingHelp
2026-07-31T00:34:57.2875495+00:00	END	Twig.Cli.Tests.Rendering.InteractiveTreeRenderTests.BuildInteractiveTreeRenderable_NavigateMode_ShowsKeybindingHelp
2026-07-31T00:34:57.2876258+00:00	START	Twig.Cli.Tests.Rendering.InteractiveTreeRenderTests.ProcessKey_Escape_OutsideFilterMode_ReturnsCancelled
2026-07-31T00:34:57.2877683+00:00	END	Twig.Cli.Tests.Rendering.InteractiveTreeRenderTests.ProcessKey_Escape_OutsideFilterMode_ReturnsCancelled
2026-07-31T00:34:57.2878337+00:00	START	Twig.Cli.Tests.Rendering.InteractiveTreeRenderTests.BuildPreviewPanel_WithItem_ShowsIdAndTitle
2026-07-31T00:34:57.2900267+00:00	END	Twig.Cli.Tests.Rendering.InteractiveTreeRenderTests.BuildPreviewPanel_WithItem_ShowsIdAndTitle
2026-07-31T00:34:57.2901055+00:00	START	Twig.Cli.Tests.Rendering.InteractiveTreeRenderTests.BuildInteractiveTreeRenderable_CursorMarker_Present
2026-07-31T00:34:57.2910674+00:00	END	Twig.Cli.Tests.Rendering.InteractiveTreeRenderTests.BuildInteractiveTreeRenderable_CursorMarker_Present
2026-07-31T00:34:57.2911471+00:00	START	Twig.Cli.Tests.Rendering.InteractiveTreeRenderTests.ProcessKey_DigitKey_EntersFilterMode
2026-07-31T00:34:57.2913728+00:00	END	Twig.Cli.Tests.Rendering.InteractiveTreeRenderTests.ProcessKey_DigitKey_EntersFilterMode
2026-07-31T00:34:57.2914420+00:00	START	Twig.Cli.Tests.Rendering.InteractiveTreeRenderTests.ProcessKey_AlphanumericKey_EntersFilterMode
2026-07-31T00:34:57.2916549+00:00	END	Twig.Cli.Tests.Rendering.InteractiveTreeRenderTests.ProcessKey_AlphanumericKey_EntersFilterMode
2026-07-31T00:34:57.2917229+00:00	START	Twig.Cli.Tests.Rendering.InteractiveTreeRenderTests.BuildPreviewPanel_ShowsIterationLastSegment
2026-07-31T00:34:57.2926363+00:00	END	Twig.Cli.Tests.Rendering.InteractiveTreeRenderTests.BuildPreviewPanel_ShowsIterationLastSegment
2026-07-31T00:34:57.2927066+00:00	START	Twig.Cli.Tests.Rendering.InteractiveTreeRenderTests.ProcessKey_FilterMode_UpDown_NavigatesWithinFilteredResults
2026-07-31T00:34:57.2930022+00:00	END	Twig.Cli.Tests.Rendering.InteractiveTreeRenderTests.ProcessKey_FilterMode_UpDown_NavigatesWithinFilteredResults
2026-07-31T00:34:57.2930716+00:00	START	Twig.Cli.Tests.Rendering.InteractiveTreeRenderTests.ProcessKey_Tab_WithLinks_ReturnsLinkJump
2026-07-31T00:34:57.2959697+00:00	END	Twig.Cli.Tests.Rendering.InteractiveTreeRenderTests.ProcessKey_Tab_WithLinks_ReturnsLinkJump
2026-07-31T00:34:57.2960510+00:00	START	Twig.Cli.Tests.Rendering.InteractiveTreeRenderTests.ProcessKey_FilterMode_Backspace_LastChar_ExitsFilterMode
2026-07-31T00:34:57.2964389+00:00	END	Twig.Cli.Tests.Rendering.InteractiveTreeRenderTests.ProcessKey_FilterMode_Backspace_LastChar_ExitsFilterMode
2026-07-31T00:34:57.2965087+00:00	START	Twig.Cli.Tests.Rendering.InteractiveTreeRenderTests.ProcessKey_Enter_ReturnsCommitted
2026-07-31T00:34:57.2966569+00:00	END	Twig.Cli.Tests.Rendering.InteractiveTreeRenderTests.ProcessKey_Enter_ReturnsCommitted
2026-07-31T00:34:57.2967321+00:00	START	Twig.Cli.Tests.Rendering.InteractiveTreeRenderTests.ProcessKey_VimK_MovesUp
2026-07-31T00:34:57.2968827+00:00	END	Twig.Cli.Tests.Rendering.InteractiveTreeRenderTests.ProcessKey_VimK_MovesUp
2026-07-31T00:34:57.2969495+00:00	START	Twig.Cli.Tests.Rendering.InteractiveTreeRenderTests.BuildPreviewPanel_WithSeedLinks_ShowsSeedAnnotation
2026-07-31T00:34:57.2981162+00:00	END	Twig.Cli.Tests.Rendering.InteractiveTreeRenderTests.BuildPreviewPanel_WithSeedLinks_ShowsSeedAnnotation
2026-07-31T00:34:57.2981865+00:00	START	Twig.Cli.Tests.Rendering.InteractiveTreeRenderTests.BuildPreviewPanel_WithItem_ShowsTypeAndState
2026-07-31T00:34:57.2989574+00:00	END	Twig.Cli.Tests.Rendering.InteractiveTreeRenderTests.BuildPreviewPanel_WithItem_ShowsTypeAndState
2026-07-31T00:34:57.2990282+00:00	START	Twig.Cli.Tests.Rendering.InteractiveTreeRenderTests.ProcessKey_DownArrow_AtBottom_ReturnsNone
2026-07-31T00:34:57.2991728+00:00	END	Twig.Cli.Tests.Rendering.InteractiveTreeRenderTests.ProcessKey_DownArrow_AtBottom_ReturnsNone
2026-07-31T00:34:57.2992403+00:00	START	Twig.Cli.Tests.Rendering.InteractiveTreeRenderTests.ProcessKey_NonPrintableKey_ReturnsNone
2026-07-31T00:34:57.2993783+00:00	END	Twig.Cli.Tests.Rendering.InteractiveTreeRenderTests.ProcessKey_NonPrintableKey_ReturnsNone
2026-07-31T00:34:57.2994442+00:00	START	Twig.Cli.Tests.Rendering.InteractiveTreeRenderTests.ProcessKey_FilterMode_Tab_ReturnsNone
2026-07-31T00:34:57.3011881+00:00	END	Twig.Cli.Tests.Rendering.InteractiveTreeRenderTests.ProcessKey_FilterMode_Tab_ReturnsNone
2026-07-31T00:34:57.3012597+00:00	START	Twig.Cli.Tests.Rendering.InteractiveTreeRenderTests.ProcessKey_Tab_NoLinks_ReturnsNone
2026-07-31T00:34:57.3014535+00:00	END	Twig.Cli.Tests.Rendering.InteractiveTreeRenderTests.ProcessKey_Tab_NoLinks_ReturnsNone
2026-07-31T00:34:57.3015222+00:00	START	Twig.Cli.Tests.Rendering.InteractiveTreeRenderTests.ProcessKey_LeftArrow_ReturnsCollapsed
2026-07-31T00:34:57.3018743+00:00	END	Twig.Cli.Tests.Rendering.InteractiveTreeRenderTests.ProcessKey_LeftArrow_ReturnsCollapsed
2026-07-31T00:34:57.3019432+00:00	START	Twig.Cli.Tests.Rendering.InteractiveTreeRenderTests.ProcessKey_LeftArrow_NoChildren_WithParentChain_ReturnsNavigateToParent
2026-07-31T00:34:57.3022103+00:00	END	Twig.Cli.Tests.Rendering.InteractiveTreeRenderTests.ProcessKey_LeftArrow_NoChildren_WithParentChain_ReturnsNavigateToParent
2026-07-31T00:34:57.3022780+00:00	START	Twig.Cli.Tests.Rendering.InteractiveTreeRenderTests.ProcessKey_FilterMode_Enter_AcceptsFilter
2026-07-31T00:34:57.3029581+00:00	END	Twig.Cli.Tests.Rendering.InteractiveTreeRenderTests.ProcessKey_FilterMode_Enter_AcceptsFilter
2026-07-31T00:34:57.3030285+00:00	START	Twig.Cli.Tests.Rendering.InteractiveTreeRenderTests.BuildPreviewPanel_WithLinks_ShowsLinkTargetIds
2026-07-31T00:34:57.3040588+00:00	END	Twig.Cli.Tests.Rendering.InteractiveTreeRenderTests.BuildPreviewPanel_WithLinks_ShowsLinkTargetIds
2026-07-31T00:34:57.3041281+00:00	START	Twig.Cli.Tests.Rendering.InteractiveTreeRenderTests.BuildInteractiveTreeRenderable_WithChildren_ShowsChildItems
2026-07-31T00:34:57.3056537+00:00	END	Twig.Cli.Tests.Rendering.InteractiveTreeRenderTests.BuildInteractiveTreeRenderable_WithChildren_ShowsChildItems
2026-07-31T00:34:57.3057331+00:00	START	Twig.Cli.Tests.Rendering.InteractiveTreeRenderTests.ProcessKey_FilterMode_Backspace_EmptyText_ExitsFilterMode
2026-07-31T00:34:57.3059156+00:00	END	Twig.Cli.Tests.Rendering.InteractiveTreeRenderTests.ProcessKey_FilterMode_Backspace_EmptyText_ExitsFilterMode
2026-07-31T00:34:57.3059829+00:00	START	Twig.Cli.Tests.Rendering.InteractiveTreeRenderTests.ProcessKey_LeftArrow_NoChildren_NoParentChain_ReturnsNone
2026-07-31T00:34:57.3061217+00:00	END	Twig.Cli.Tests.Rendering.InteractiveTreeRenderTests.ProcessKey_LeftArrow_NoChildren_NoParentChain_ReturnsNone
2026-07-31T00:34:57.3061867+00:00	START	Twig.Cli.Tests.Rendering.InteractiveTreeRenderTests.BuildPreviewPanel_NoLinkHighlight_DefaultBehavior
2026-07-31T00:34:57.3071251+00:00	END	Twig.Cli.Tests.Rendering.InteractiveTreeRenderTests.BuildPreviewPanel_NoLinkHighlight_DefaultBehavior
2026-07-31T00:34:57.3072022+00:00	START	Twig.Cli.Tests.Rendering.InteractiveTreeRenderTests.BuildInteractiveTreeRenderable_WithParentChain_ShowsDimmedAncestors
2026-07-31T00:34:57.3131642+00:00	END	Twig.Cli.Tests.Rendering.InteractiveTreeRenderTests.BuildInteractiveTreeRenderable_WithParentChain_ShowsDimmedAncestors
2026-07-31T00:34:57.3132549+00:00	START	Twig.Cli.Tests.Rendering.InteractiveTreeRenderTests.ProcessKey_FilterMode_AppendCharacter
2026-07-31T00:34:57.3134613+00:00	END	Twig.Cli.Tests.Rendering.InteractiveTreeRenderTests.ProcessKey_FilterMode_AppendCharacter
2026-07-31T00:34:57.3135299+00:00	START	Twig.Cli.Tests.Rendering.InteractiveTreeRenderTests.ProcessKey_RightArrow_NoChildren_ReturnsNeedExpand
2026-07-31T00:34:57.3136773+00:00	END	Twig.Cli.Tests.Rendering.InteractiveTreeRenderTests.ProcessKey_RightArrow_NoChildren_ReturnsNeedExpand
2026-07-31T00:34:57.3137440+00:00	START	Twig.Cli.Tests.Rendering.InteractiveTreeRenderTests.ProcessKey_FilterMode_Backspace_RemovesLastChar
2026-07-31T00:34:57.3139295+00:00	END	Twig.Cli.Tests.Rendering.InteractiveTreeRenderTests.ProcessKey_FilterMode_Backspace_RemovesLastChar
2026-07-31T00:34:57.3139952+00:00	START	Twig.Cli.Tests.Rendering.InteractiveTreeRenderTests.ProcessKey_VimJ_MovesDown
2026-07-31T00:34:57.3142754+00:00	END	Twig.Cli.Tests.Rendering.InteractiveTreeRenderTests.ProcessKey_VimJ_MovesDown
2026-07-31T00:34:57.3143447+00:00	START	Twig.Cli.Tests.Rendering.InteractiveTreeRenderTests.BuildPreviewPanel_NullItem_ShowsNoItemSelected
2026-07-31T00:34:57.3147487+00:00	END	Twig.Cli.Tests.Rendering.InteractiveTreeRenderTests.BuildPreviewPanel_NullItem_ShowsNoItemSelected
2026-07-31T00:34:57.3148177+00:00	START	Twig.Cli.Tests.Rendering.InteractiveTreeRenderTests.BuildInteractiveTreeRenderable_FilterMode_ShowsFilterBar
2026-07-31T00:34:57.3153018+00:00	END	Twig.Cli.Tests.Rendering.InteractiveTreeRenderTests.BuildInteractiveTreeRenderable_FilterMode_ShowsFilterBar
2026-07-31T00:34:57.3153691+00:00	START	Twig.Cli.Tests.Rendering.InteractiveTreeRenderTests.BuildPreviewPanel_WithAssignee_ShowsAssignee
2026-07-31T00:34:57.3163434+00:00	END	Twig.Cli.Tests.Rendering.InteractiveTreeRenderTests.BuildPreviewPanel_WithAssignee_ShowsAssignee
2026-07-31T00:34:57.3164124+00:00	START	Twig.Cli.Tests.Rendering.InteractiveTreeRenderTests.BuildPreviewPanel_NoLinks_DoesNotShowLinksSection
2026-07-31T00:34:57.3179426+00:00	END	Twig.Cli.Tests.Rendering.InteractiveTreeRenderTests.BuildPreviewPanel_NoLinks_DoesNotShowLinksSection
2026-07-31T00:34:57.3180124+00:00	START	Twig.Cli.Tests.Rendering.InteractiveTreeRenderTests.ProcessKey_ShiftTab_WithLinks_ReturnsLinkJump
2026-07-31T00:34:57.3185845+00:00	END	Twig.Cli.Tests.Rendering.InteractiveTreeRenderTests.ProcessKey_ShiftTab_WithLinks_ReturnsLinkJump
2026-07-31T00:34:57.3186552+00:00	START	Twig.Cli.Tests.Rendering.InteractiveTreeRenderTests.BuildPreviewPanel_LongTitleWithBrackets_DoesNotProduceMalformedMarkup
2026-07-31T00:34:57.3194948+00:00	END	Twig.Cli.Tests.Rendering.InteractiveTreeRenderTests.BuildPreviewPanel_LongTitleWithBrackets_DoesNotProduceMalformedMarkup
2026-07-31T00:34:57.3195662+00:00	START	Twig.Cli.Tests.Rendering.InteractiveTreeRenderTests.BuildPreviewPanel_UnassignedItem_ShowsUnassigned
2026-07-31T00:34:57.3212394+00:00	END	Twig.Cli.Tests.Rendering.InteractiveTreeRenderTests.BuildPreviewPanel_UnassignedItem_ShowsUnassigned
2026-07-31T00:34:57.3213103+00:00	START	Twig.Cli.Tests.Rendering.InteractiveTreeRenderTests.BuildInteractiveTreeRenderable_EmptySiblings_ShowsNoItemsMessage
2026-07-31T00:34:57.3220212+00:00	END	Twig.Cli.Tests.Rendering.InteractiveTreeRenderTests.BuildInteractiveTreeRenderable_EmptySiblings_ShowsNoItemsMessage
2026-07-31T00:34:57.3220906+00:00	START	Twig.Cli.Tests.Rendering.InteractiveTreeRenderTests.BuildInteractiveTreeRenderable_TreePanelHeader_ContainsTree
2026-07-31T00:34:57.3228044+00:00	END	Twig.Cli.Tests.Rendering.InteractiveTreeRenderTests.BuildInteractiveTreeRenderable_TreePanelHeader_ContainsTree
2026-07-31T00:34:57.3228727+00:00	START	Twig.Cli.Tests.Rendering.InteractiveTreeRenderTests.ProcessKey_RightArrow_HasChildren_ReturnsDrillDown
2026-07-31T00:34:57.3230880+00:00	END	Twig.Cli.Tests.Rendering.InteractiveTreeRenderTests.ProcessKey_RightArrow_HasChildren_ReturnsDrillDown
2026-07-31T00:34:57.3231564+00:00	START	Twig.Cli.Tests.Rendering.InteractiveTreeRenderTests.ProcessKey_Escape_InFilterMode_ClearsFilterAndReturnsFilterCleared
2026-07-31T00:34:57.3233616+00:00	END	Twig.Cli.Tests.Rendering.InteractiveTreeRenderTests.ProcessKey_Escape_InFilterMode_ClearsFilterAndReturnsFilterCleared
2026-07-31T00:34:57.3234286+00:00	START	Twig.Cli.Tests.Rendering.InteractiveTreeRenderTests.BuildPreviewPanel_SeedLinkHighlight_HighlightsSeedLink
2026-07-31T00:34:57.3244566+00:00	END	Twig.Cli.Tests.Rendering.InteractiveTreeRenderTests.BuildPreviewPanel_SeedLinkHighlight_HighlightsSeedLink
2026-07-31T00:34:57.3249499+00:00	START	Twig.Cli.Tests.Commands.MigrateConfigCommandTests.DryRun_AlreadySplit_ReportsNoChangesAndDoesNotModifyFiles
2026-07-31T00:34:57.3386839+00:00	END	Twig.Cli.Tests.Commands.MigrateConfigCommandTests.DryRun_AlreadySplit_ReportsNoChangesAndDoesNotModifyFiles
2026-07-31T00:34:57.3407199+00:00	START	Twig.Cli.Tests.Commands.TreeNavCommandTests.Tree_EmptyState_DoesNotCrash
2026-07-31T00:34:57.3558635+00:00	END	Twig.Cli.Tests.Commands.TreeNavCommandTests.Tree_EmptyState_DoesNotCrash
2026-07-31T00:34:57.3571522+00:00	START	Twig.Cli.Tests.Commands.TreeNavCommandTests.Up_AtRoot_ReturnsError
2026-07-31T00:34:57.3597035+00:00	END	Twig.Cli.Tests.Commands.TreeNavCommandTests.Up_AtRoot_ReturnsError
2026-07-31T00:34:57.3601450+00:00	START	Twig.Cli.Tests.Commands.TreeNavCommandTests.Up_NavigatesToParent
2026-07-31T00:34:57.3621270+00:00	END	Twig.Cli.Tests.Commands.TreeNavCommandTests.Up_NavigatesToParent
2026-07-31T00:34:57.3625604+00:00	START	Twig.Cli.Tests.Commands.TreeNavCommandTests.Down_NoMatch_ReturnsError
2026-07-31T00:34:57.3672908+00:00	END	Twig.Cli.Tests.Commands.TreeNavCommandTests.Down_NoMatch_ReturnsError
2026-07-31T00:34:57.3677783+00:00	START	Twig.Cli.Tests.Commands.TreeNavCommandTests.Down_WithPattern_NavigatesToChild
2026-07-31T00:34:57.3709136+00:00	END	Twig.Cli.Tests.Commands.TreeNavCommandTests.Down_WithPattern_NavigatesToChild
2026-07-31T00:34:57.3713559+00:00	START	Twig.Cli.Tests.Commands.TreeNavCommandTests.Down_NoArg_SingleChild_AutoNavigates
2026-07-31T00:34:57.3751196+00:00	END	Twig.Cli.Tests.Commands.TreeNavCommandTests.Down_NoArg_SingleChild_AutoNavigates
2026-07-31T00:34:57.3755602+00:00	START	Twig.Cli.Tests.Commands.TreeNavCommandTests.Down_NoArg_NoChildren_ReturnsError
2026-07-31T00:34:57.3771149+00:00	END	Twig.Cli.Tests.Commands.TreeNavCommandTests.Down_NoArg_NoChildren_ReturnsError
2026-07-31T00:34:57.3779002+00:00	START	Twig.Cli.Tests.Commands.TreeNavCommandTests.Tree_DisplaysHierarchy
2026-07-31T00:34:57.3808992+00:00	END	Twig.Cli.Tests.Commands.TreeNavCommandTests.Tree_DisplaysHierarchy
2026-07-31T00:34:57.3852757+00:00	START	Twig.Cli.Tests.Commands.ShowCommand_TreeCacheAwareTests.NonTty_TreeFlag_NoRefresh_SkipsSync
2026-07-31T00:34:57.3910619+00:00	END	Twig.Cli.Tests.Commands.ShowCommand_TreeCacheAwareTests.NonTty_TreeFlag_NoRefresh_SkipsSync
2026-07-31T00:34:57.3948703+00:00	START	Twig.Cli.Tests.Commands.ShowCommand_TreeCacheAwareTests.NonTty_TreeFlag_NoRefresh_SkipsSync
2026-07-31T00:34:57.3968611+00:00	END	Twig.Cli.Tests.Commands.ShowCommand_TreeCacheAwareTests.NonTty_TreeFlag_NoRefresh_SkipsSync
2026-07-31T00:34:57.3975286+00:00	START	Twig.Cli.Tests.Commands.ShowCommand_TreeCacheAwareTests.NonTty_TreeFlag_NoRefresh_SkipsSync
2026-07-31T00:34:57.3989571+00:00	END	Twig.Cli.Tests.Commands.ShowCommand_TreeCacheAwareTests.NonTty_TreeFlag_NoRefresh_SkipsSync
2026-07-31T00:34:57.3997675+00:00	START	Twig.Cli.Tests.Commands.ShowCommand_TreeCacheAwareTests.NonTty_TreeFlag_NoRefresh_SkipsSync
2026-07-31T00:34:57.4003815+00:00	END	Twig.Cli.Tests.Commands.ShowCommand_TreeCacheAwareTests.NonTty_TreeFlag_NoRefresh_SkipsSync
2026-07-31T00:34:57.4009801+00:00	START	Twig.Cli.Tests.Commands.ShowCommand_TreeCacheAwareTests.TwoPass_StaleChildren_ShowCacheAgeSuffix
2026-07-31T00:34:57.4273828+00:00	END	Twig.Cli.Tests.Commands.ShowCommand_TreeCacheAwareTests.TwoPass_StaleChildren_ShowCacheAgeSuffix
2026-07-31T00:34:57.4281200+00:00	START	Twig.Cli.Tests.Commands.ShowCommand_TreeCacheAwareTests.TwoPass_StaleItem_ShowsCacheAgeIndicator
2026-07-31T00:34:57.4319644+00:00	END	Twig.Cli.Tests.Commands.ShowCommand_TreeCacheAwareTests.TwoPass_StaleItem_ShowsCacheAgeIndicator
2026-07-31T00:34:57.4326245+00:00	START	Twig.Cli.Tests.Commands.ShowCommand_TreeCacheAwareTests.NonTty_TreeFlag_RendersOutput
2026-07-31T00:34:57.4336037+00:00	END	Twig.Cli.Tests.Commands.ShowCommand_TreeCacheAwareTests.NonTty_TreeFlag_RendersOutput
2026-07-31T00:34:57.4341976+00:00	START	Twig.Cli.Tests.Commands.ShowCommand_TreeCacheAwareTests.NonTty_TreeFlag_RendersOutput
2026-07-31T00:34:57.4352521+00:00	END	Twig.Cli.Tests.Commands.ShowCommand_TreeCacheAwareTests.NonTty_TreeFlag_RendersOutput
2026-07-31T00:34:57.4358431+00:00	START	Twig.Cli.Tests.Commands.ShowCommand_TreeCacheAwareTests.NonTty_TreeFlag_RendersOutput
2026-07-31T00:34:57.4361366+00:00	END	Twig.Cli.Tests.Commands.ShowCommand_TreeCacheAwareTests.NonTty_TreeFlag_RendersOutput
2026-07-31T00:34:57.4367093+00:00	START	Twig.Cli.Tests.Commands.ShowCommand_TreeCacheAwareTests.NonTty_TreeFlag_RendersOutput
2026-07-31T00:34:57.4369475+00:00	END	Twig.Cli.Tests.Commands.ShowCommand_TreeCacheAwareTests.NonTty_TreeFlag_RendersOutput
2026-07-31T00:34:57.4375170+00:00	START	Twig.Cli.Tests.Commands.ShowCommand_TreeCacheAwareTests.TreeTty_ExplicitId_RendersTreeInLiveView
2026-07-31T00:34:57.4447702+00:00	END	Twig.Cli.Tests.Commands.ShowCommand_TreeCacheAwareTests.TreeTty_ExplicitId_RendersTreeInLiveView
2026-07-31T00:34:57.4454464+00:00	START	Twig.Cli.Tests.Commands.ShowCommand_TreeCacheAwareTests.Default_TwoPassRendering_RendersCachedTreeThenSyncs
2026-07-31T00:34:57.4467696+00:00	END	Twig.Cli.Tests.Commands.ShowCommand_TreeCacheAwareTests.Default_TwoPassRendering_RendersCachedTreeThenSyncs
2026-07-31T00:34:57.4473696+00:00	START	Twig.Cli.Tests.Commands.ShowCommand_TreeCacheAwareTests.Default_SyncFailure_FallsBackToDirectTreeRender
2026-07-31T00:34:57.4512223+00:00	END	Twig.Cli.Tests.Commands.ShowCommand_TreeCacheAwareTests.Default_SyncFailure_FallsBackToDirectTreeRender
2026-07-31T00:34:57.4518345+00:00	START	Twig.Cli.Tests.Commands.ShowCommand_TreeCacheAwareTests.NoRefresh_WithChildren_RendersTreeWithChildren
2026-07-31T00:34:57.4537952+00:00	END	Twig.Cli.Tests.Commands.ShowCommand_TreeCacheAwareTests.NoRefresh_WithChildren_RendersTreeWithChildren
2026-07-31T00:34:57.4543926+00:00	START	Twig.Cli.Tests.Commands.ShowCommand_TreeCacheAwareTests.NoRefresh_SkipsSyncPass_RendersTreeFromCacheOnly
2026-07-31T00:34:57.4561493+00:00	END	Twig.Cli.Tests.Commands.ShowCommand_TreeCacheAwareTests.NoRefresh_SkipsSyncPass_RendersTreeFromCacheOnly
2026-07-31T00:34:57.4567389+00:00	START	Twig.Cli.Tests.Commands.ShowCommand_TreeCacheAwareTests.TreeTty_WithParentChain_RendersHierarchy
2026-07-31T00:34:57.4590529+00:00	END	Twig.Cli.Tests.Commands.ShowCommand_TreeCacheAwareTests.TreeTty_WithParentChain_RendersHierarchy
2026-07-31T00:34:57.4596519+00:00	START	Twig.Cli.Tests.Commands.ShowCommand_TreeCacheAwareTests.TwoPass_DataChangesAfterSync_RevisedViewUsesUpdatedData
2026-07-31T00:34:57.4655086+00:00	END	Twig.Cli.Tests.Commands.ShowCommand_TreeCacheAwareTests.TwoPass_DataChangesAfterSync_RevisedViewUsesUpdatedData
2026-07-31T00:34:57.4662533+00:00	START	Twig.Cli.Tests.Commands.ShowCommand_TreeCacheAwareTests.TwoPass_FreshItem_NoCacheAgeIndicator
2026-07-31T00:34:57.4674450+00:00	END	Twig.Cli.Tests.Commands.ShowCommand_TreeCacheAwareTests.TwoPass_FreshItem_NoCacheAgeIndicator
2026-07-31T00:34:57.4680591+00:00	START	Twig.Cli.Tests.Commands.ShowCommand_TreeCacheAwareTests.Default_TwoPassRendering_ColdCacheHydratesChildren
2026-07-31T00:34:57.4741702+00:00	END	Twig.Cli.Tests.Commands.ShowCommand_TreeCacheAwareTests.Default_TwoPassRendering_ColdCacheHydratesChildren
2026-07-31T00:34:57.4748635+00:00	START	Twig.Cli.Tests.Commands.ShowCommand_TreeCacheAwareTests.NoRefresh_NoActiveItem_ReturnsError
2026-07-31T00:34:57.4755988+00:00	END	Twig.Cli.Tests.Commands.ShowCommand_TreeCacheAwareTests.NoRefresh_NoActiveItem_ReturnsError
2026-07-31T00:34:57.4762049+00:00	START	Twig.Cli.Tests.Commands.ShowCommand_TreeCacheAwareTests.NonTty_DefaultRefresh_ColdCacheHydratesChildrenBeforeRendering
2026-07-31T00:34:57.4810597+00:00	END	Twig.Cli.Tests.Commands.ShowCommand_TreeCacheAwareTests.NonTty_DefaultRefresh_ColdCacheHydratesChildrenBeforeRendering
2026-07-31T00:34:57.4819552+00:00	START	Twig.Cli.Tests.Commands.DiscardCommandTests.Execute_Single_YesFlag_SkipsPrompt
2026-07-31T00:34:57.4903180+00:00	END	Twig.Cli.Tests.Commands.DiscardCommandTests.Execute_Single_YesFlag_SkipsPrompt
2026-07-31T00:34:57.4907810+00:00	START	Twig.Cli.Tests.Commands.DiscardCommandTests.Execute_All_JsonOutput_WritesStructuredJson
2026-07-31T00:34:57.4961831+00:00	END	Twig.Cli.Tests.Commands.DiscardCommandTests.Execute_All_JsonOutput_WritesStructuredJson
2026-07-31T00:34:57.4963673+00:00	START	Twig.Cli.Tests.Commands.DiscardCommandTests.Execute_EmitsTelemetry_AllItems_NonZeroCount
2026-07-31T00:34:57.4993594+00:00	END	Twig.Cli.Tests.Commands.DiscardCommandTests.Execute_EmitsTelemetry_AllItems_NonZeroCount
2026-07-31T00:34:57.4995340+00:00	START	Twig.Cli.Tests.Commands.DiscardCommandTests.Execute_BothIdAndAll_ReturnsError
2026-07-31T00:34:57.5001784+00:00	END	Twig.Cli.Tests.Commands.DiscardCommandTests.Execute_BothIdAndAll_ReturnsError
2026-07-31T00:34:57.5003312+00:00	START	Twig.Cli.Tests.Commands.DiscardCommandTests.Execute_Single_ConfirmAccepted_DiscardsChanges
2026-07-31T00:34:57.5018143+00:00	END	Twig.Cli.Tests.Commands.DiscardCommandTests.Execute_Single_ConfirmAccepted_DiscardsChanges
2026-07-31T00:34:57.5019595+00:00	START	Twig.Cli.Tests.Commands.DiscardCommandTests.Execute_Single_ConfirmAccepted_DiscardsChanges
2026-07-31T00:34:57.5025678+00:00	END	Twig.Cli.Tests.Commands.DiscardCommandTests.Execute_Single_ConfirmAccepted_DiscardsChanges
2026-07-31T00:34:57.5029460+00:00	START	Twig.Cli.Tests.Commands.DiscardCommandTests.Execute_EmitsTelemetry_AllItems
2026-07-31T00:34:57.5052436+00:00	END	Twig.Cli.Tests.Commands.DiscardCommandTests.Execute_EmitsTelemetry_AllItems
2026-07-31T00:34:57.5053968+00:00	START	Twig.Cli.Tests.Commands.DiscardCommandTests.Execute_All_YesFlag_SkipsPrompt
2026-07-31T00:34:57.5077529+00:00	END	Twig.Cli.Tests.Commands.DiscardCommandTests.Execute_All_YesFlag_SkipsPrompt
2026-07-31T00:34:57.5079161+00:00	START	Twig.Cli.Tests.Commands.DiscardCommandTests.Execute_Single_ConfirmRejected_DoesNotDiscard
2026-07-31T00:34:57.5092853+00:00	END	Twig.Cli.Tests.Commands.DiscardCommandTests.Execute_Single_ConfirmRejected_DoesNotDiscard
2026-07-31T00:34:57.5094331+00:00	START	Twig.Cli.Tests.Commands.DiscardCommandTests.Execute_Single_ConfirmRejected_DoesNotDiscard
2026-07-31T00:34:57.5109193+00:00	END	Twig.Cli.Tests.Commands.DiscardCommandTests.Execute_Single_ConfirmRejected_DoesNotDiscard
2026-07-31T00:34:57.5110708+00:00	START	Twig.Cli.Tests.Commands.DiscardCommandTests.Execute_Single_ConfirmRejected_DoesNotDiscard
2026-07-31T00:34:57.5114902+00:00	END	Twig.Cli.Tests.Commands.DiscardCommandTests.Execute_Single_ConfirmRejected_DoesNotDiscard
2026-07-31T00:34:57.5116448+00:00	START	Twig.Cli.Tests.Commands.DiscardCommandTests.Execute_Single_NotDirtyButHasChanges_StillDiscards
2026-07-31T00:34:57.5128220+00:00	END	Twig.Cli.Tests.Commands.DiscardCommandTests.Execute_Single_NotDirtyButHasChanges_StillDiscards
2026-07-31T00:34:57.5129711+00:00	START	Twig.Cli.Tests.Commands.DiscardCommandTests.Execute_EmitsTelemetry_OnError
2026-07-31T00:34:57.5144373+00:00	END	Twig.Cli.Tests.Commands.DiscardCommandTests.Execute_EmitsTelemetry_OnError
2026-07-31T00:34:57.5145981+00:00	START	Twig.Cli.Tests.Commands.DiscardCommandTests.Execute_All_HumanOutput_ShowsAggregateSummary
2026-07-31T00:34:57.5158651+00:00	END	Twig.Cli.Tests.Commands.DiscardCommandTests.Execute_All_HumanOutput_ShowsAggregateSummary
2026-07-31T00:34:57.5160129+00:00	START	Twig.Cli.Tests.Commands.DiscardCommandTests.Execute_EmitsTelemetry_SingleItem
2026-07-31T00:34:57.5183847+00:00	END	Twig.Cli.Tests.Commands.DiscardCommandTests.Execute_EmitsTelemetry_SingleItem
2026-07-31T00:34:57.5185473+00:00	START	Twig.Cli.Tests.Commands.DiscardCommandTests.Execute_Single_ItemNotFound_ReturnsError
2026-07-31T00:34:57.5193085+00:00	END	Twig.Cli.Tests.Commands.DiscardCommandTests.Execute_Single_ItemNotFound_ReturnsError
2026-07-31T00:34:57.5194586+00:00	START	Twig.Cli.Tests.Commands.DiscardCommandTests.Execute_Single_JsonOutput_WritesStructuredJson
2026-07-31T00:34:57.5216285+00:00	END	Twig.Cli.Tests.Commands.DiscardCommandTests.Execute_Single_JsonOutput_WritesStructuredJson
2026-07-31T00:34:57.5217830+00:00	START	Twig.Cli.Tests.Commands.DiscardCommandTests.Execute_Single_HumanOutput_ShowsSuccessMessage
2026-07-31T00:34:57.5228705+00:00	END	Twig.Cli.Tests.Commands.DiscardCommandTests.Execute_Single_HumanOutput_ShowsSuccessMessage
2026-07-31T00:34:57.5230201+00:00	START	Twig.Cli.Tests.Commands.DiscardCommandTests.Execute_All_ConfirmRejected_DoesNotDiscard
2026-07-31T00:34:57.5242520+00:00	END	Twig.Cli.Tests.Commands.DiscardCommandTests.Execute_All_ConfirmRejected_DoesNotDiscard
2026-07-31T00:34:57.5244005+00:00	START	Twig.Cli.Tests.Commands.DiscardCommandTests.Execute_All_ConfirmAccepted_DiscardsAll
2026-07-31T00:34:57.5263223+00:00	END	Twig.Cli.Tests.Commands.DiscardCommandTests.Execute_All_ConfirmAccepted_DiscardsAll
2026-07-31T00:34:57.5264707+00:00	START	Twig.Cli.Tests.Commands.DiscardCommandTests.Execute_Single_PhantomDirty_ClearsDirtyFlag
2026-07-31T00:34:57.5277648+00:00	END	Twig.Cli.Tests.Commands.DiscardCommandTests.Execute_Single_PhantomDirty_ClearsDirtyFlag
2026-07-31T00:34:57.5279145+00:00	START	Twig.Cli.Tests.Commands.DiscardCommandTests.Execute_Error_NoPromptStateWrite
2026-07-31T00:34:57.5287470+00:00	END	Twig.Cli.Tests.Commands.DiscardCommandTests.Execute_Error_NoPromptStateWrite
2026-07-31T00:34:57.5288951+00:00	START	Twig.Cli.Tests.Commands.DiscardCommandTests.Execute_Single_SeedItem_ReturnsError
2026-07-31T00:34:57.5299157+00:00	END	Twig.Cli.Tests.Commands.DiscardCommandTests.Execute_Single_SeedItem_ReturnsError
2026-07-31T00:34:57.5300665+00:00	START	Twig.Cli.Tests.Commands.DiscardCommandTests.Execute_All_SeedsExcluded_OnlySeedsPresent_ReturnsNoOp
2026-07-31T00:34:57.5311449+00:00	END	Twig.Cli.Tests.Commands.DiscardCommandTests.Execute_All_SeedsExcluded_OnlySeedsPresent_ReturnsNoOp
2026-07-31T00:34:57.5312917+00:00	START	Twig.Cli.Tests.Commands.DiscardCommandTests.Execute_All_NoDirtyItems_ReturnsNoOp
2026-07-31T00:34:57.5322944+00:00	END	Twig.Cli.Tests.Commands.DiscardCommandTests.Execute_All_NoDirtyItems_ReturnsNoOp
2026-07-31T00:34:57.5324426+00:00	START	Twig.Cli.Tests.Commands.DiscardCommandTests.Execute_Single_NoPendingChanges_NotDirty_ReturnsNoOp
2026-07-31T00:34:57.5345808+00:00	END	Twig.Cli.Tests.Commands.DiscardCommandTests.Execute_Single_NoPendingChanges_NotDirty_ReturnsNoOp
2026-07-31T00:34:57.5347360+00:00	START	Twig.Cli.Tests.Commands.DiscardCommandTests.Execute_NeitherIdNorAll_ReturnsError
2026-07-31T00:34:57.5353369+00:00	END	Twig.Cli.Tests.Commands.DiscardCommandTests.Execute_NeitherIdNorAll_ReturnsError
2026-07-31T00:34:57.5388104+00:00	START	Twig.Cli.Tests.Commands.ConflictResolutionFlowTests.HasConflicts_UserChoosesRemote_WithCallback_InvokesCallbackBeforeSave
2026-07-31T00:34:57.5435536+00:00	END	Twig.Cli.Tests.Commands.ConflictResolutionFlowTests.HasConflicts_UserChoosesRemote_WithCallback_InvokesCallbackBeforeSave
2026-07-31T00:34:57.5442529+00:00	START	Twig.Cli.Tests.Commands.ConflictResolutionFlowTests.HasConflicts_UnrecognizedInput_ReturnsAborted
2026-07-31T00:34:57.5452265+00:00	END	Twig.Cli.Tests.Commands.ConflictResolutionFlowTests.HasConflicts_UnrecognizedInput_ReturnsAborted
2026-07-31T00:34:57.5498258+00:00	START	Twig.Cli.Tests.Commands.ConflictResolutionFlowTests.HasConflicts_UnrecognizedInput_ReturnsAborted
2026-07-31T00:34:57.5502731+00:00	END	Twig.Cli.Tests.Commands.ConflictResolutionFlowTests.HasConflicts_UnrecognizedInput_ReturnsAborted
2026-07-31T00:34:57.5505325+00:00	START	Twig.Cli.Tests.Commands.ConflictResolutionFlowTests.HasConflicts_UnrecognizedInput_ReturnsAborted
2026-07-31T00:34:57.5507043+00:00	END	Twig.Cli.Tests.Commands.ConflictResolutionFlowTests.HasConflicts_UnrecognizedInput_ReturnsAborted
2026-07-31T00:34:57.5509368+00:00	START	Twig.Cli.Tests.Commands.ConflictResolutionFlowTests.HasConflicts_UserChoosesAbort_ReturnsAborted
2026-07-31T00:34:57.5522616+00:00	END	Twig.Cli.Tests.Commands.ConflictResolutionFlowTests.HasConflicts_UserChoosesAbort_ReturnsAborted
2026-07-31T00:34:57.5524976+00:00	START	Twig.Cli.Tests.Commands.ConflictResolutionFlowTests.HasConflicts_UserChoosesRemote_WithoutCallback_SavesWithoutError
2026-07-31T00:34:57.5534184+00:00	END	Twig.Cli.Tests.Commands.ConflictResolutionFlowTests.HasConflicts_UserChoosesRemote_WithoutCallback_SavesWithoutError
2026-07-31T00:34:57.5536722+00:00	START	Twig.Cli.Tests.Commands.ConflictResolutionFlowTests.NoConflicts_ReturnsProceed
2026-07-31T00:34:57.5543578+00:00	END	Twig.Cli.Tests.Commands.ConflictResolutionFlowTests.NoConflicts_ReturnsProceed
2026-07-31T00:34:57.5546300+00:00	START	Twig.Cli.Tests.Commands.ConflictResolutionFlowTests.HasConflicts_UserChoosesLocal_ReturnsProceed
2026-07-31T00:34:57.5554236+00:00	END	Twig.Cli.Tests.Commands.ConflictResolutionFlowTests.HasConflicts_UserChoosesLocal_ReturnsProceed
2026-07-31T00:34:57.5556753+00:00	START	Twig.Cli.Tests.Commands.ConflictResolutionFlowTests.HasConflicts_JsonFormat_CaseInsensitive
2026-07-31T00:34:57.5563185+00:00	END	Twig.Cli.Tests.Commands.ConflictResolutionFlowTests.HasConflicts_JsonFormat_CaseInsensitive
2026-07-31T00:34:57.5565551+00:00	START	Twig.Cli.Tests.Commands.ConflictResolutionFlowTests.HasConflicts_UserChoosesRemote_PrintsAcceptRemoteMessage
2026-07-31T00:34:57.5573939+00:00	END	Twig.Cli.Tests.Commands.ConflictResolutionFlowTests.HasConflicts_UserChoosesRemote_PrintsAcceptRemoteMessage
2026-07-31T00:34:57.5576386+00:00	START	Twig.Cli.Tests.Commands.ConflictResolutionFlowTests.HasConflicts_JsonFormat_ReturnsConflictJsonEmitted
2026-07-31T00:34:57.5581980+00:00	END	Twig.Cli.Tests.Commands.ConflictResolutionFlowTests.HasConflicts_JsonFormat_ReturnsConflictJsonEmitted
2026-07-31T00:34:57.5584337+00:00	START	Twig.Cli.Tests.Commands.ConflictResolutionFlowTests.AutoMergeable_ReturnsProceed
2026-07-31T00:34:57.5594119+00:00	END	Twig.Cli.Tests.Commands.ConflictResolutionFlowTests.AutoMergeable_ReturnsProceed
2026-07-31T00:34:57.5596658+00:00	START	Twig.Cli.Tests.Commands.ConflictResolutionFlowTests.HasConflicts_NullInput_ReturnsAborted
2026-07-31T00:34:57.5604805+00:00	END	Twig.Cli.Tests.Commands.ConflictResolutionFlowTests.HasConflicts_NullInput_ReturnsAborted
2026-07-31T00:34:57.5607300+00:00	START	Twig.Cli.Tests.Commands.ConflictResolutionFlowTests.HasConflicts_UserChoosesRemote_SavesRemoteAndReturnsAcceptedRemote
2026-07-31T00:34:57.5618331+00:00	END	Twig.Cli.Tests.Commands.ConflictResolutionFlowTests.HasConflicts_UserChoosesRemote_SavesRemoteAndReturnsAcceptedRemote
2026-07-31T00:34:57.5630942+00:00	START	Twig.Cli.Tests.Commands.ShowCommand_NoArgsTests.ExtractWorkItemIdFromBranch_CommonPatterns_ExtractsId
2026-07-31T00:34:57.5634405+00:00	END	Twig.Cli.Tests.Commands.ShowCommand_NoArgsTests.ExtractWorkItemIdFromBranch_CommonPatterns_ExtractsId
2026-07-31T00:34:57.5640552+00:00	START	Twig.Cli.Tests.Commands.ShowCommand_NoArgsTests.ExtractWorkItemIdFromBranch_CommonPatterns_ExtractsId
2026-07-31T00:34:57.5642660+00:00	END	Twig.Cli.Tests.Commands.ShowCommand_NoArgsTests.ExtractWorkItemIdFromBranch_CommonPatterns_ExtractsId
2026-07-31T00:34:57.5645480+00:00	START	Twig.Cli.Tests.Commands.ShowCommand_NoArgsTests.ExtractWorkItemIdFromBranch_CommonPatterns_ExtractsId
2026-07-31T00:34:57.5645914+00:00	END	Twig.Cli.Tests.Commands.ShowCommand_NoArgsTests.ExtractWorkItemIdFromBranch_CommonPatterns_ExtractsId
2026-07-31T00:34:57.5648555+00:00	START	Twig.Cli.Tests.Commands.ShowCommand_NoArgsTests.ExtractWorkItemIdFromBranch_CommonPatterns_ExtractsId
2026-07-31T00:34:57.5648908+00:00	END	Twig.Cli.Tests.Commands.ShowCommand_NoArgsTests.ExtractWorkItemIdFromBranch_CommonPatterns_ExtractsId
2026-07-31T00:34:57.5651485+00:00	START	Twig.Cli.Tests.Commands.ShowCommand_NoArgsTests.ExtractWorkItemIdFromBranch_CommonPatterns_ExtractsId
2026-07-31T00:34:57.5651916+00:00	END	Twig.Cli.Tests.Commands.ShowCommand_NoArgsTests.ExtractWorkItemIdFromBranch_CommonPatterns_ExtractsId
2026-07-31T00:34:57.5654566+00:00	START	Twig.Cli.Tests.Commands.ShowCommand_NoArgsTests.NoArgs_LoadsChildrenAndParent
2026-07-31T00:34:57.5831376+00:00	END	Twig.Cli.Tests.Commands.ShowCommand_NoArgsTests.NoArgs_LoadsChildrenAndParent
2026-07-31T00:34:57.5835974+00:00	START	Twig.Cli.Tests.Commands.ShowCommand_NoArgsTests.ExtractWorkItemIdFromBranch_NoBranchId_ReturnsNull
2026-07-31T00:34:57.5837316+00:00	END	Twig.Cli.Tests.Commands.ShowCommand_NoArgsTests.ExtractWorkItemIdFromBranch_NoBranchId_ReturnsNull
2026-07-31T00:34:57.5840260+00:00	START	Twig.Cli.Tests.Commands.ShowCommand_NoArgsTests.ExtractWorkItemIdFromBranch_NoBranchId_ReturnsNull
2026-07-31T00:34:57.5842340+00:00	END	Twig.Cli.Tests.Commands.ShowCommand_NoArgsTests.ExtractWorkItemIdFromBranch_NoBranchId_ReturnsNull
2026-07-31T00:34:57.5845123+00:00	START	Twig.Cli.Tests.Commands.ShowCommand_NoArgsTests.ExtractWorkItemIdFromBranch_NoBranchId_ReturnsNull
2026-07-31T00:34:57.5845467+00:00	END	Twig.Cli.Tests.Commands.ShowCommand_NoArgsTests.ExtractWorkItemIdFromBranch_NoBranchId_ReturnsNull
2026-07-31T00:34:57.5852778+00:00	START	Twig.Cli.Tests.Commands.ShowCommand_NoArgsTests.ExtractWorkItemIdFromBranch_NoBranchId_ReturnsNull
2026-07-31T00:34:57.5853130+00:00	END	Twig.Cli.Tests.Commands.ShowCommand_NoArgsTests.ExtractWorkItemIdFromBranch_NoBranchId_ReturnsNull
2026-07-31T00:34:57.5855856+00:00	START	Twig.Cli.Tests.Commands.ShowCommand_NoArgsTests.NoArgs_ActiveItemNotInCache_FetchesFromAdo
2026-07-31T00:34:57.5881560+00:00	END	Twig.Cli.Tests.Commands.ShowCommand_NoArgsTests.NoArgs_ActiveItemNotInCache_FetchesFromAdo
2026-07-31T00:34:57.5884399+00:00	START	Twig.Cli.Tests.Commands.ShowCommand_NoArgsTests.NoArgs_ActiveItemUnreachable_ReturnsExitCode1
2026-07-31T00:34:57.5901894+00:00	END	Twig.Cli.Tests.Commands.ShowCommand_NoArgsTests.NoArgs_ActiveItemUnreachable_ReturnsExitCode1
2026-07-31T00:34:57.5904805+00:00	START	Twig.Cli.Tests.Commands.ShowCommand_NoArgsTests.NoArgs_ActiveItemInCache_ReturnsExitCode0
2026-07-31T00:34:57.5917030+00:00	END	Twig.Cli.Tests.Commands.ShowCommand_NoArgsTests.NoArgs_ActiveItemInCache_ReturnsExitCode0
2026-07-31T00:34:57.5919870+00:00	START	Twig.Cli.Tests.Commands.ShowCommand_NoArgsTests.ExtractWorkItemIdFromBranch_NegativeId_ReturnsNull
2026-07-31T00:34:57.5921024+00:00	END	Twig.Cli.Tests.Commands.ShowCommand_NoArgsTests.ExtractWorkItemIdFromBranch_NegativeId_ReturnsNull
2026-07-31T00:34:57.5923787+00:00	START	Twig.Cli.Tests.Commands.ShowCommand_NoArgsTests.NoArgs_WithoutGitRepo_OmitsGitContext
2026-07-31T00:34:57.6007371+00:00	END	Twig.Cli.Tests.Commands.ShowCommand_NoArgsTests.NoArgs_WithoutGitRepo_OmitsGitContext
2026-07-31T00:34:57.6011152+00:00	START	Twig.Cli.Tests.Commands.ShowCommand_NoArgsTests.NoArgs_DefaultRefresh_SyncIsExercised
2026-07-31T00:34:57.6068569+00:00	END	Twig.Cli.Tests.Commands.ShowCommand_NoArgsTests.NoArgs_DefaultRefresh_SyncIsExercised
2026-07-31T00:34:57.6072013+00:00	START	Twig.Cli.Tests.Commands.ShowCommand_NoArgsTests.NoArgs_NoPendingChanges_OmitsPendingSection
2026-07-31T00:34:57.6083505+00:00	END	Twig.Cli.Tests.Commands.ShowCommand_NoArgsTests.NoArgs_NoPendingChanges_OmitsPendingSection
2026-07-31T00:34:57.6086548+00:00	START	Twig.Cli.Tests.Commands.ShowCommand_NoArgsTests.NoArgs_NoContextServices_ReturnsExitCode1
2026-07-31T00:34:57.6094614+00:00	END	Twig.Cli.Tests.Commands.ShowCommand_NoArgsTests.NoArgs_NoContextServices_ReturnsExitCode1
2026-07-31T00:34:57.6099980+00:00	START	Twig.Cli.Tests.Commands.ShowCommand_NoArgsTests.NoArgs_NoActiveItem_ReturnsExitCode1
2026-07-31T00:34:57.6109757+00:00	END	Twig.Cli.Tests.Commands.ShowCommand_NoArgsTests.NoArgs_NoActiveItem_ReturnsExitCode1
2026-07-31T00:34:57.6112594+00:00	START	Twig.Cli.Tests.Commands.ShowCommand_NoArgsTests.NoArgs_WithGitRepo_IncludesGitContextInJsonOutput
2026-07-31T00:34:57.6129618+00:00	END	Twig.Cli.Tests.Commands.ShowCommand_NoArgsTests.NoArgs_WithGitRepo_IncludesGitContextInJsonOutput
2026-07-31T00:34:57.6133241+00:00	START	Twig.Cli.Tests.Commands.ShowCommand_NoArgsTests.NoArgs_PendingChangesPresent_IncludedInJsonOutput
2026-07-31T00:34:57.6158416+00:00	END	Twig.Cli.Tests.Commands.ShowCommand_NoArgsTests.NoArgs_PendingChangesPresent_IncludedInJsonOutput
2026-07-31T00:34:57.6161604+00:00	START	Twig.Cli.Tests.Commands.ShowCommand_NoArgsTests.ByIdPath_ExplicitId_StillWorks
2026-07-31T00:34:57.6176587+00:00	END	Twig.Cli.Tests.Commands.ShowCommand_NoArgsTests.ByIdPath_ExplicitId_StillWorks
2026-07-31T00:34:57.6179550+00:00	START	Twig.Cli.Tests.Commands.ShowCommand_NoArgsTests.NoArgs_ActiveItemInCache_OutputsItemInfo
2026-07-31T00:34:57.6190802+00:00	END	Twig.Cli.Tests.Commands.ShowCommand_NoArgsTests.NoArgs_ActiveItemInCache_OutputsItemInfo
2026-07-31T00:34:57.6193625+00:00	START	Twig.Cli.Tests.Commands.ShowCommand_NoArgsTests.NoArgs_NoRefresh_SkipsSyncCall
2026-07-31T00:34:57.6207268+00:00	END	Twig.Cli.Tests.Commands.ShowCommand_NoArgsTests.NoArgs_NoRefresh_SkipsSyncCall
2026-07-31T00:34:57.6210177+00:00	START	Twig.Cli.Tests.Commands.ShowCommand_NoArgsTests.ExtractWorkItemIdFromBranch_ZeroId_ReturnsNull
2026-07-31T00:34:57.6211372+00:00	END	Twig.Cli.Tests.Commands.ShowCommand_NoArgsTests.ExtractWorkItemIdFromBranch_ZeroId_ReturnsNull
2026-07-31T00:34:57.6231245+00:00	START	Twig.Cli.Tests.Commands.CacheFirstReadCommandTests.SetCommand_JsonOutput_ProducesExpectedFormat
2026-07-31T00:34:57.6240559+00:00	END	Twig.Cli.Tests.Commands.CacheFirstReadCommandTests.SetCommand_JsonOutput_ProducesExpectedFormat
2026-07-31T00:34:57.6257833+00:00	START	Twig.Cli.Tests.Commands.CacheFirstReadCommandTests.SetCommand_Unreachable_ReturnsError
2026-07-31T00:34:57.6270042+00:00	END	Twig.Cli.Tests.Commands.CacheFirstReadCommandTests.SetCommand_Unreachable_ReturnsError
2026-07-31T00:34:57.6275155+00:00	START	Twig.Cli.Tests.Commands.CacheFirstReadCommandTests.NavigationCommands_Up_CacheMiss_AutoFetches
2026-07-31T00:34:57.6292106+00:00	END	Twig.Cli.Tests.Commands.CacheFirstReadCommandTests.NavigationCommands_Up_CacheMiss_AutoFetches
2026-07-31T00:34:57.6297087+00:00	START	Twig.Cli.Tests.Commands.CacheFirstReadCommandTests.SetCommand_MinimalOutput_WorksWithoutRenderer
2026-07-31T00:34:57.6303939+00:00	END	Twig.Cli.Tests.Commands.CacheFirstReadCommandTests.SetCommand_MinimalOutput_WorksWithoutRenderer
2026-07-31T00:34:57.6316067+00:00	START	Twig.Cli.Tests.Commands.CacheFirstReadCommandTests.TreeRenderingService_Unreachable_ReturnsError
2026-07-31T00:34:57.6325035+00:00	END	Twig.Cli.Tests.Commands.CacheFirstReadCommandTests.TreeRenderingService_Unreachable_ReturnsError
2026-07-31T00:34:57.6330040+00:00	START	Twig.Cli.Tests.Commands.CacheFirstReadCommandTests.SetCommand_DirtyChildren_NotOverwritten
2026-07-31T00:34:57.6344447+00:00	END	Twig.Cli.Tests.Commands.CacheFirstReadCommandTests.SetCommand_DirtyChildren_NotOverwritten
2026-07-31T00:34:57.6352156+00:00	START	Twig.Cli.Tests.Commands.CacheFirstReadCommandTests.WorkspaceCommand_ActiveItemCacheMiss_AutoFetches
2026-07-31T00:34:57.6374607+00:00	END	Twig.Cli.Tests.Commands.CacheFirstReadCommandTests.WorkspaceCommand_ActiveItemCacheMiss_AutoFetches
2026-07-31T00:34:57.6379563+00:00	START	Twig.Cli.Tests.Commands.CacheFirstReadCommandTests.SetCommand_CacheMiss_AutoFetchesFromAdo
2026-07-31T00:34:57.6397028+00:00	END	Twig.Cli.Tests.Commands.CacheFirstReadCommandTests.SetCommand_CacheMiss_AutoFetchesFromAdo
2026-07-31T00:34:57.6402313+00:00	START	Twig.Cli.Tests.Commands.CacheFirstReadCommandTests.SetCommand_ParentNotInCache_DoesNotAutoFetch
2026-07-31T00:34:57.6412837+00:00	END	Twig.Cli.Tests.Commands.CacheFirstReadCommandTests.SetCommand_ParentNotInCache_DoesNotAutoFetch
2026-07-31T00:34:57.6418288+00:00	START	Twig.Cli.Tests.Commands.CacheFirstReadCommandTests.TreeRenderingService_CacheMiss_AutoFetchesFromAdo
2026-07-31T00:34:57.6434577+00:00	END	Twig.Cli.Tests.Commands.CacheFirstReadCommandTests.TreeRenderingService_CacheMiss_AutoFetchesFromAdo
2026-07-31T00:34:57.6439542+00:00	START	Twig.Cli.Tests.Commands.CacheFirstReadCommandTests.SetCommand_SyncFailure_StillSucceeds
2026-07-31T00:34:57.6452546+00:00	END	Twig.Cli.Tests.Commands.CacheFirstReadCommandTests.SetCommand_SyncFailure_StillSucceeds
2026-07-31T00:34:57.6457612+00:00	START	Twig.Cli.Tests.Commands.CacheFirstReadCommandTests.SetCommand_StaleItem_DoesNotSync
2026-07-31T00:34:57.6470303+00:00	END	Twig.Cli.Tests.Commands.CacheFirstReadCommandTests.SetCommand_StaleItem_DoesNotSync
2026-07-31T00:34:57.6475175+00:00	START	Twig.Cli.Tests.Commands.CacheFirstReadCommandTests.SetCommand_CachedItem_DisplaysImmediately_NoAdoFetch
2026-07-31T00:34:57.6486187+00:00	END	Twig.Cli.Tests.Commands.CacheFirstReadCommandTests.SetCommand_CachedItem_DisplaysImmediately_NoAdoFetch
2026-07-31T00:34:57.6497798+00:00	START	Twig.Cli.Tests.Commands.NavigationHistoryCommandTests.Back_DoesNotRecordHistory
2026-07-31T00:34:57.6525643+00:00	END	Twig.Cli.Tests.Commands.NavigationHistoryCommandTests.Back_DoesNotRecordHistory
2026-07-31T00:34:57.6531799+00:00	START	Twig.Cli.Tests.Commands.NavigationHistoryCommandTests.Fore_NegativeSeedId_ResolvesToPublishedId
2026-07-31T00:34:57.6559328+00:00	END	Twig.Cli.Tests.Commands.NavigationHistoryCommandTests.Fore_NegativeSeedId_ResolvesToPublishedId
2026-07-31T00:34:57.6561539+00:00	START	Twig.Cli.Tests.Commands.NavigationHistoryCommandTests.Fore_JsonFormat_Succeeds
2026-07-31T00:34:57.6568662+00:00	END	Twig.Cli.Tests.Commands.NavigationHistoryCommandTests.Fore_JsonFormat_Succeeds
2026-07-31T00:34:57.6570770+00:00	START	Twig.Cli.Tests.Commands.NavigationHistoryCommandTests.History_JsonFormat_ReturnsZero
2026-07-31T00:34:57.6689642+00:00	END	Twig.Cli.Tests.Commands.NavigationHistoryCommandTests.History_JsonFormat_ReturnsZero
2026-07-31T00:34:57.6693118+00:00	START	Twig.Cli.Tests.Commands.NavigationHistoryCommandTests.Back_DisplaysWorkItem
2026-07-31T00:34:57.6703232+00:00	END	Twig.Cli.Tests.Commands.NavigationHistoryCommandTests.Back_DisplaysWorkItem
2026-07-31T00:34:57.6705496+00:00	START	Twig.Cli.Tests.Commands.NavigationHistoryCommandTests.History_NegativeSeedId_NoMapping_UsesOriginalId
2026-07-31T00:34:57.6721560+00:00	END	Twig.Cli.Tests.Commands.NavigationHistoryCommandTests.History_NegativeSeedId_NoMapping_UsesOriginalId
2026-07-31T00:34:57.6723737+00:00	START	Twig.Cli.Tests.Commands.NavigationHistoryCommandTests.History_NonInteractive_EnrichesWithWorkItemData
2026-07-31T00:34:57.6733518+00:00	END	Twig.Cli.Tests.Commands.NavigationHistoryCommandTests.History_NonInteractive_EnrichesWithWorkItemData
2026-07-31T00:34:57.6735801+00:00	START	Twig.Cli.Tests.Commands.NavigationHistoryCommandTests.History_NegativeSeedId_ResolvesToPublishedId
2026-07-31T00:34:57.6749565+00:00	END	Twig.Cli.Tests.Commands.NavigationHistoryCommandTests.History_NegativeSeedId_ResolvesToPublishedId
2026-07-31T00:34:57.6751748+00:00	START	Twig.Cli.Tests.Commands.NavigationHistoryCommandTests.Fore_UpdatesPromptState
2026-07-31T00:34:57.6760065+00:00	END	Twig.Cli.Tests.Commands.NavigationHistoryCommandTests.Fore_UpdatesPromptState
2026-07-31T00:34:57.6762203+00:00	START	Twig.Cli.Tests.Commands.NavigationHistoryCommandTests.History_JsonFormat_EmptyHistory_ReturnsZero
2026-07-31T00:34:57.6776840+00:00	END	Twig.Cli.Tests.Commands.NavigationHistoryCommandTests.History_JsonFormat_EmptyHistory_ReturnsZero
2026-07-31T00:34:57.6778979+00:00	START	Twig.Cli.Tests.Commands.NavigationHistoryCommandTests.History_NonInteractiveFlag_SuppressesInteractivePicker
2026-07-31T00:34:57.6821814+00:00	END	Twig.Cli.Tests.Commands.NavigationHistoryCommandTests.History_NonInteractiveFlag_SuppressesInteractivePicker
2026-07-31T00:34:57.6824335+00:00	START	Twig.Cli.Tests.Commands.NavigationHistoryCommandTests.Back_NegativeSeedId_NoMapping_UsesOriginalId
2026-07-31T00:34:57.6833779+00:00	END	Twig.Cli.Tests.Commands.NavigationHistoryCommandTests.Back_NegativeSeedId_NoMapping_UsesOriginalId
2026-07-31T00:34:57.6836008+00:00	START	Twig.Cli.Tests.Commands.NavigationHistoryCommandTests.History_Interactive_SelectionSetsContextAndRecordsHistory
2026-07-31T00:34:57.6872341+00:00	END	Twig.Cli.Tests.Commands.NavigationHistoryCommandTests.History_Interactive_SelectionSetsContextAndRecordsHistory
2026-07-31T00:34:57.6874687+00:00	START	Twig.Cli.Tests.Commands.NavigationHistoryCommandTests.Fore_ItemNotInCache_StillSetsContext
2026-07-31T00:34:57.6882724+00:00	END	Twig.Cli.Tests.Commands.NavigationHistoryCommandTests.Fore_ItemNotInCache_StillSetsContext
2026-07-31T00:34:57.6884860+00:00	START	Twig.Cli.Tests.Commands.NavigationHistoryCommandTests.Fore_PositiveId_DoesNotCallPublishIdMap
2026-07-31T00:34:57.6898090+00:00	END	Twig.Cli.Tests.Commands.NavigationHistoryCommandTests.Fore_PositiveId_DoesNotCallPublishIdMap
2026-07-31T00:34:57.6900246+00:00	START	Twig.Cli.Tests.Commands.NavigationHistoryCommandTests.Back_SetsContextToHistoryEntry
2026-07-31T00:34:57.6908317+00:00	END	Twig.Cli.Tests.Commands.NavigationHistoryCommandTests.Back_SetsContextToHistoryEntry
2026-07-31T00:34:57.6910436+00:00	START	Twig.Cli.Tests.Commands.NavigationHistoryCommandTests.History_JsonFormat_ResolvesSeeds
2026-07-31T00:34:57.6922121+00:00	END	Twig.Cli.Tests.Commands.NavigationHistoryCommandTests.History_JsonFormat_ResolvesSeeds
2026-07-31T00:34:57.6924242+00:00	START	Twig.Cli.Tests.Commands.NavigationHistoryCommandTests.History_NonInteractive_ReturnsZero
2026-07-31T00:34:57.6933715+00:00	END	Twig.Cli.Tests.Commands.NavigationHistoryCommandTests.History_NonInteractive_ReturnsZero
2026-07-31T00:34:57.6935906+00:00	START	Twig.Cli.Tests.Commands.NavigationHistoryCommandTests.Back_PositiveId_DoesNotCallPublishIdMap
2026-07-31T00:34:57.6944276+00:00	END	Twig.Cli.Tests.Commands.NavigationHistoryCommandTests.Back_PositiveId_DoesNotCallPublishIdMap
2026-07-31T00:34:57.6987124+00:00	START	Twig.Cli.Tests.Commands.NavigationHistoryCommandTests.Back_ItemNotInCache_StillSetsContext
2026-07-31T00:34:57.6996173+00:00	END	Twig.Cli.Tests.Commands.NavigationHistoryCommandTests.Back_ItemNotInCache_StillSetsContext
2026-07-31T00:34:57.6998609+00:00	START	Twig.Cli.Tests.Commands.NavigationHistoryCommandTests.Fore_NoPromptStateWriter_DoesNotThrow
2026-07-31T00:34:57.7006085+00:00	END	Twig.Cli.Tests.Commands.NavigationHistoryCommandTests.Fore_NoPromptStateWriter_DoesNotThrow
2026-07-31T00:34:57.7008144+00:00	START	Twig.Cli.Tests.Commands.NavigationHistoryCommandTests.History_EmptyHistory_ReturnsZero
2026-07-31T00:34:57.7040247+00:00	END	Twig.Cli.Tests.Commands.NavigationHistoryCommandTests.History_EmptyHistory_ReturnsZero
2026-07-31T00:34:57.7042649+00:00	START	Twig.Cli.Tests.Commands.NavigationHistoryCommandTests.History_EmptyHistory_DoesNotSetContext
2026-07-31T00:34:57.7050335+00:00	END	Twig.Cli.Tests.Commands.NavigationHistoryCommandTests.History_EmptyHistory_DoesNotSetContext
2026-07-31T00:34:57.7052467+00:00	START	Twig.Cli.Tests.Commands.NavigationHistoryCommandTests.Back_UpdatesPromptState
2026-07-31T00:34:57.7060516+00:00	END	Twig.Cli.Tests.Commands.NavigationHistoryCommandTests.Back_UpdatesPromptState
2026-07-31T00:34:57.7062584+00:00	START	Twig.Cli.Tests.Commands.NavigationHistoryCommandTests.History_NonInteractive_ItemNotInCache_StillSucceeds
2026-07-31T00:34:57.7070716+00:00	END	Twig.Cli.Tests.Commands.NavigationHistoryCommandTests.History_NonInteractive_ItemNotInCache_StillSucceeds
2026-07-31T00:34:57.7072775+00:00	START	Twig.Cli.Tests.Commands.NavigationHistoryCommandTests.Back_NoPromptStateWriter_DoesNotThrow
2026-07-31T00:34:57.7090885+00:00	END	Twig.Cli.Tests.Commands.NavigationHistoryCommandTests.Back_NoPromptStateWriter_DoesNotThrow
2026-07-31T00:34:57.7093005+00:00	START	Twig.Cli.Tests.Commands.NavigationHistoryCommandTests.History_MinimalFormat_EmptyHistory_ReturnsZero
2026-07-31T00:34:57.7108196+00:00	END	Twig.Cli.Tests.Commands.NavigationHistoryCommandTests.History_MinimalFormat_EmptyHistory_ReturnsZero
2026-07-31T00:34:57.7110315+00:00	START	Twig.Cli.Tests.Commands.NavigationHistoryCommandTests.History_MinimalFormat_ReturnsZero
2026-07-31T00:34:57.7119892+00:00	END	Twig.Cli.Tests.Commands.NavigationHistoryCommandTests.History_MinimalFormat_ReturnsZero
2026-07-31T00:34:57.7121969+00:00	START	Twig.Cli.Tests.Commands.NavigationHistoryCommandTests.Fore_MultipleSteps_TraversesHistory
2026-07-31T00:34:57.7152558+00:00	END	Twig.Cli.Tests.Commands.NavigationHistoryCommandTests.Fore_MultipleSteps_TraversesHistory
2026-07-31T00:34:57.7154674+00:00	START	Twig.Cli.Tests.Commands.NavigationHistoryCommandTests.Fore_AtNewest_ReturnsError
2026-07-31T00:34:57.7162625+00:00	END	Twig.Cli.Tests.Commands.NavigationHistoryCommandTests.Fore_AtNewest_ReturnsError
2026-07-31T00:34:57.7164693+00:00	START	Twig.Cli.Tests.Commands.NavigationHistoryCommandTests.Back_AtOldest_ReturnsError
2026-07-31T00:34:57.7174992+00:00	END	Twig.Cli.Tests.Commands.NavigationHistoryCommandTests.Back_AtOldest_ReturnsError
2026-07-31T00:34:57.7177133+00:00	START	Twig.Cli.Tests.Commands.NavigationHistoryCommandTests.Back_NegativeSeedId_ResolvesToPublishedId
2026-07-31T00:34:57.7187002+00:00	END	Twig.Cli.Tests.Commands.NavigationHistoryCommandTests.Back_NegativeSeedId_ResolvesToPublishedId
2026-07-31T00:34:57.7189062+00:00	START	Twig.Cli.Tests.Commands.NavigationHistoryCommandTests.Back_MultipleSteps_TraversesHistory
2026-07-31T00:34:57.7203017+00:00	END	Twig.Cli.Tests.Commands.NavigationHistoryCommandTests.Back_MultipleSteps_TraversesHistory
2026-07-31T00:34:57.7205083+00:00	START	Twig.Cli.Tests.Commands.NavigationHistoryCommandTests.Fore_DoesNotRecordHistory
2026-07-31T00:34:57.7212942+00:00	END	Twig.Cli.Tests.Commands.NavigationHistoryCommandTests.Fore_DoesNotRecordHistory
2026-07-31T00:34:57.7215074+00:00	START	Twig.Cli.Tests.Commands.NavigationHistoryCommandTests.History_PositiveId_DoesNotCallPublishIdMap
2026-07-31T00:34:57.7226744+00:00	END	Twig.Cli.Tests.Commands.NavigationHistoryCommandTests.History_PositiveId_DoesNotCallPublishIdMap
2026-07-31T00:34:57.7228837+00:00	START	Twig.Cli.Tests.Commands.NavigationHistoryCommandTests.Back_MinimalFormat_Succeeds
2026-07-31T00:34:57.7236041+00:00	END	Twig.Cli.Tests.Commands.NavigationHistoryCommandTests.Back_MinimalFormat_Succeeds
2026-07-31T00:34:57.7238139+00:00	START	Twig.Cli.Tests.Commands.NavigationHistoryCommandTests.Fore_SetsContextToHistoryEntry
2026-07-31T00:34:57.7246457+00:00	END	Twig.Cli.Tests.Commands.NavigationHistoryCommandTests.Fore_SetsContextToHistoryEntry
2026-07-31T00:34:57.7248537+00:00	START	Twig.Cli.Tests.Commands.NavigationHistoryCommandTests.Fore_DisplaysWorkItem
2026-07-31T00:34:57.7256791+00:00	END	Twig.Cli.Tests.Commands.NavigationHistoryCommandTests.Fore_DisplaysWorkItem
2026-07-31T00:34:57.7258855+00:00	START	Twig.Cli.Tests.Commands.NavigationHistoryCommandTests.History_NonInteractive_DoesNotSetContext
2026-07-31T00:34:57.7311867+00:00	END	Twig.Cli.Tests.Commands.NavigationHistoryCommandTests.History_NonInteractive_DoesNotSetContext
2026-07-31T00:34:57.7315330+00:00	START	Twig.Cli.Tests.Commands.NavigationHistoryCommandTests.Fore_NegativeSeedId_NoMapping_UsesOriginalId
2026-07-31T00:34:57.7326175+00:00	END	Twig.Cli.Tests.Commands.NavigationHistoryCommandTests.Fore_NegativeSeedId_NoMapping_UsesOriginalId
2026-07-31T00:34:57.7330726+00:00	START	Twig.Cli.Tests.Commands.NavigationHistoryCommandTests.History_Interactive_CancelledSelection_DoesNotSetContext
2026-07-31T00:34:57.7350814+00:00	END	Twig.Cli.Tests.Commands.NavigationHistoryCommandTests.History_Interactive_CancelledSelection_DoesNotSetContext
2026-07-31T00:34:57.7355227+00:00	START	Twig.Cli.Tests.Commands.TrackingCommandTests.TrackTree_ValidId_ReturnsZero
2026-07-31T00:34:57.7392384+00:00	END	Twig.Cli.Tests.Commands.TrackingCommandTests.TrackTree_ValidId_ReturnsZero
2026-07-31T00:34:57.7393704+00:00	START	Twig.Cli.Tests.Commands.TrackingCommandTests.TrackTree_InvalidId_ReturnsTwo
2026-07-31T00:34:57.7401250+00:00	END	Twig.Cli.Tests.Commands.TrackingCommandTests.TrackTree_InvalidId_ReturnsTwo
2026-07-31T00:34:57.7402407+00:00	START	Twig.Cli.Tests.Commands.TrackingCommandTests.Track_IncludesTitleWhenCached
2026-07-31T00:34:57.7420539+00:00	END	Twig.Cli.Tests.Commands.TrackingCommandTests.Track_IncludesTitleWhenCached
2026-07-31T00:34:57.7421731+00:00	START	Twig.Cli.Tests.Commands.TrackingCommandTests.Exclusions_Clear_RemovesAll
2026-07-31T00:34:57.7466619+00:00	END	Twig.Cli.Tests.Commands.TrackingCommandTests.Exclusions_Clear_RemovesAll
2026-07-31T00:34:57.7468195+00:00	START	Twig.Cli.Tests.Commands.TrackingCommandTests.Exclusions_Remove_InvalidId_ReturnsTwo
2026-07-31T00:34:57.7475096+00:00	END	Twig.Cli.Tests.Commands.TrackingCommandTests.Exclusions_Remove_InvalidId_ReturnsTwo
2026-07-31T00:34:57.7476284+00:00	START	Twig.Cli.Tests.Commands.TrackingCommandTests.Exclusions_Remove_InvalidId_ReturnsTwo
2026-07-31T00:34:57.7478657+00:00	END	Twig.Cli.Tests.Commands.TrackingCommandTests.Exclusions_Remove_InvalidId_ReturnsTwo
2026-07-31T00:34:57.7479770+00:00	START	Twig.Cli.Tests.Commands.TrackingCommandTests.Untrack_ValidId_ReturnsZero
2026-07-31T00:34:57.7500816+00:00	END	Twig.Cli.Tests.Commands.TrackingCommandTests.Untrack_ValidId_ReturnsZero
2026-07-31T00:34:57.7501925+00:00	START	Twig.Cli.Tests.Commands.TrackingCommandTests.Exclusions_Remove_NotExcluded_ShowsInfo
2026-07-31T00:34:57.7516053+00:00	END	Twig.Cli.Tests.Commands.TrackingCommandTests.Exclusions_Remove_NotExcluded_ShowsInfo
2026-07-31T00:34:57.7517166+00:00	START	Twig.Cli.Tests.Commands.TrackingCommandTests.Untrack_NotTracked_ShowsNotTrackedMessage
2026-07-31T00:34:57.7527301+00:00	END	Twig.Cli.Tests.Commands.TrackingCommandTests.Untrack_NotTracked_ShowsNotTrackedMessage
2026-07-31T00:34:57.7528407+00:00	START	Twig.Cli.Tests.Commands.TrackingCommandTests.Exclusions_WithMissingCacheItem_ShowsIdOnly
2026-07-31T00:34:57.7565465+00:00	END	Twig.Cli.Tests.Commands.TrackingCommandTests.Exclusions_WithMissingCacheItem_ShowsIdOnly
2026-07-31T00:34:57.7567061+00:00	START	Twig.Cli.Tests.Commands.TrackingCommandTests.Track_InvalidId_ReturnsTwo
2026-07-31T00:34:57.7574412+00:00	END	Twig.Cli.Tests.Commands.TrackingCommandTests.Track_InvalidId_ReturnsTwo
2026-07-31T00:34:57.7575531+00:00	START	Twig.Cli.Tests.Commands.TrackingCommandTests.Track_InvalidId_ReturnsTwo
2026-07-31T00:34:57.7578314+00:00	END	Twig.Cli.Tests.Commands.TrackingCommandTests.Track_InvalidId_ReturnsTwo
2026-07-31T00:34:57.7579372+00:00	START	Twig.Cli.Tests.Commands.TrackingCommandTests.Track_InvalidId_ReturnsTwo
2026-07-31T00:34:57.7579812+00:00	END	Twig.Cli.Tests.Commands.TrackingCommandTests.Track_InvalidId_ReturnsTwo
2026-07-31T00:34:57.7580780+00:00	START	Twig.Cli.Tests.Commands.TrackingCommandTests.Untrack_InvalidId_ReturnsTwo
2026-07-31T00:34:57.7587402+00:00	END	Twig.Cli.Tests.Commands.TrackingCommandTests.Untrack_InvalidId_ReturnsTwo
2026-07-31T00:34:57.7588537+00:00	START	Twig.Cli.Tests.Commands.TrackingCommandTests.Exclusions_Clear_NoExclusions_ShowsInfo
2026-07-31T00:34:57.7601965+00:00	END	Twig.Cli.Tests.Commands.TrackingCommandTests.Exclusions_Clear_NoExclusions_ShowsInfo
2026-07-31T00:34:57.7603081+00:00	START	Twig.Cli.Tests.Commands.TrackingCommandTests.Exclusions_Remove_ExistingExclusion_ShowsSuccess
2026-07-31T00:34:57.7614750+00:00	END	Twig.Cli.Tests.Commands.TrackingCommandTests.Exclusions_Remove_ExistingExclusion_ShowsSuccess
2026-07-31T00:34:57.7615944+00:00	START	Twig.Cli.Tests.Commands.TrackingCommandTests.Exclusions_WithItems_ListsAll
2026-07-31T00:34:57.7634467+00:00	END	Twig.Cli.Tests.Commands.TrackingCommandTests.Exclusions_WithItems_ListsAll
2026-07-31T00:34:57.7635595+00:00	START	Twig.Cli.Tests.Commands.TrackingCommandTests.Track_ValidId_ReturnsZero
2026-07-31T00:34:57.7652324+00:00	END	Twig.Cli.Tests.Commands.TrackingCommandTests.Track_ValidId_ReturnsZero
2026-07-31T00:34:57.7653495+00:00	START	Twig.Cli.Tests.Commands.TrackingCommandTests.Exclusions_Empty_ShowsNoExclusions
2026-07-31T00:34:57.7664284+00:00	END	Twig.Cli.Tests.Commands.TrackingCommandTests.Exclusions_Empty_ShowsNoExclusions
2026-07-31T00:34:57.7665400+00:00	START	Twig.Cli.Tests.Commands.TrackingCommandTests.Exclude_InvalidId_ReturnsTwo
2026-07-31T00:34:57.7678425+00:00	END	Twig.Cli.Tests.Commands.TrackingCommandTests.Exclude_InvalidId_ReturnsTwo
2026-07-31T00:34:57.7679559+00:00	START	Twig.Cli.Tests.Commands.TrackingCommandTests.Exclude_ValidId_ReturnsZero
2026-07-31T00:34:57.7692012+00:00	END	Twig.Cli.Tests.Commands.TrackingCommandTests.Exclude_ValidId_ReturnsZero
2026-07-31T00:34:57.7697157+00:00	START	Twig.Cli.Tests.Commands.AreaCommandTests.List_SingleEntry_ShowsCount
2026-07-31T00:34:57.7740761+00:00	END	Twig.Cli.Tests.Commands.AreaCommandTests.List_SingleEntry_ShowsCount
2026-07-31T00:34:57.7743357+00:00	START	Twig.Cli.Tests.Commands.AreaCommandTests.Integration_Add_DuplicateAfterSync_ReturnsOne
2026-07-31T00:34:57.7828229+00:00	END	Twig.Cli.Tests.Commands.AreaCommandTests.Integration_Add_DuplicateAfterSync_ReturnsOne
2026-07-31T00:34:57.7830378+00:00	START	Twig.Cli.Tests.Commands.AreaCommandTests.Remove_PersistsToConfigFile
2026-07-31T00:34:57.7909062+00:00	END	Twig.Cli.Tests.Commands.AreaCommandTests.Remove_PersistsToConfigFile
2026-07-31T00:34:57.7911381+00:00	START	Twig.Cli.Tests.Commands.AreaCommandTests.Remove_LeavesOtherEntries
2026-07-31T00:34:57.7971053+00:00	END	Twig.Cli.Tests.Commands.AreaCommandTests.Remove_LeavesOtherEntries
2026-07-31T00:34:57.7973129+00:00	START	Twig.Cli.Tests.Commands.AreaCommandTests.Sync_ReplacesConfigWithTeamAreas
2026-07-31T00:34:57.8083125+00:00	END	Twig.Cli.Tests.Commands.AreaCommandTests.Sync_ReplacesConfigWithTeamAreas
2026-07-31T00:34:57.8085479+00:00	START	Twig.Cli.Tests.Commands.AreaCommandTests.Add_ValidPath_ExactSemantics_ReturnsZero
2026-07-31T00:34:57.8107701+00:00	END	Twig.Cli.Tests.Commands.AreaCommandTests.Add_ValidPath_ExactSemantics_ReturnsZero
2026-07-31T00:34:57.8109344+00:00	START	Twig.Cli.Tests.Commands.AreaCommandTests.Add_PersistsToConfigFile
2026-07-31T00:34:57.8136629+00:00	END	Twig.Cli.Tests.Commands.AreaCommandTests.Add_PersistsToConfigFile
2026-07-31T00:34:57.8138055+00:00	START	Twig.Cli.Tests.Commands.AreaCommandTests.Remove_LastEntry_LeavesEmptyList
2026-07-31T00:34:57.8167279+00:00	END	Twig.Cli.Tests.Commands.AreaCommandTests.Remove_LastEntry_LeavesEmptyList
2026-07-31T00:34:57.8168579+00:00	START	Twig.Cli.Tests.Commands.AreaCommandTests.List_NullAreaPathEntries_ShowsMessage
2026-07-31T00:34:57.8178617+00:00	END	Twig.Cli.Tests.Commands.AreaCommandTests.List_NullAreaPathEntries_ShowsMessage
2026-07-31T00:34:57.8179716+00:00	START	Twig.Cli.Tests.Commands.AreaCommandTests.Add_MultipleSequential_PreservesOrder
2026-07-31T00:34:57.8265890+00:00	END	Twig.Cli.Tests.Commands.AreaCommandTests.Add_MultipleSequential_PreservesOrder
2026-07-31T00:34:57.8267818+00:00	START	Twig.Cli.Tests.Commands.AreaCommandTests.Add_PathWithWhitespace_TrimsAndAdds
2026-07-31T00:34:57.8298115+00:00	END	Twig.Cli.Tests.Commands.AreaCommandTests.Add_PathWithWhitespace_TrimsAndAdds
2026-07-31T00:34:57.8299746+00:00	START	Twig.Cli.Tests.Commands.AreaCommandTests.Remove_ExistingPath_ReturnsZero
2026-07-31T00:34:57.8320652+00:00	END	Twig.Cli.Tests.Commands.AreaCommandTests.Remove_ExistingPath_ReturnsZero
2026-07-31T00:34:57.8322153+00:00	START	Twig.Cli.Tests.Commands.AreaCommandTests.Add_NullAreaPathEntries_InitializesAndAdds
2026-07-31T00:34:57.8380226+00:00	END	Twig.Cli.Tests.Commands.AreaCommandTests.Add_NullAreaPathEntries_InitializesAndAdds
2026-07-31T00:34:57.8381944+00:00	START	Twig.Cli.Tests.Commands.AreaCommandTests.Sync_ApiException_ReturnsOne
2026-07-31T00:34:57.8411076+00:00	END	Twig.Cli.Tests.Commands.AreaCommandTests.Sync_ApiException_ReturnsOne
2026-07-31T00:34:57.8412596+00:00	START	Twig.Cli.Tests.Commands.AreaCommandTests.Add_DoesNotAllowDuplicateAfterTrim
2026-07-31T00:34:57.8506941+00:00	END	Twig.Cli.Tests.Commands.AreaCommandTests.Add_DoesNotAllowDuplicateAfterTrim
2026-07-31T00:34:57.8509304+00:00	START	Twig.Cli.Tests.Commands.AreaCommandTests.View_JsonFormat_ReturnsStructuredOutput
2026-07-31T00:34:57.8563142+00:00	END	Twig.Cli.Tests.Commands.AreaCommandTests.View_JsonFormat_ReturnsStructuredOutput
2026-07-31T00:34:57.8564297+00:00	START	Twig.Cli.Tests.Commands.AreaCommandTests.Add_DuplicatePath_CaseInsensitive_ReturnsOne
2026-07-31T00:34:57.8570019+00:00	END	Twig.Cli.Tests.Commands.AreaCommandTests.Add_DuplicatePath_CaseInsensitive_ReturnsOne
2026-07-31T00:34:57.8571036+00:00	START	Twig.Cli.Tests.Commands.AreaCommandTests.Remove_NonExistentPath_ReturnsOne
2026-07-31T00:34:57.8576123+00:00	END	Twig.Cli.Tests.Commands.AreaCommandTests.Remove_NonExistentPath_ReturnsOne
2026-07-31T00:34:57.8577089+00:00	START	Twig.Cli.Tests.Commands.AreaCommandTests.View_MultipleAreaPaths_QueriesAll
2026-07-31T00:34:57.8594156+00:00	END	Twig.Cli.Tests.Commands.AreaCommandTests.View_MultipleAreaPaths_QueriesAll
2026-07-31T00:34:57.8595481+00:00	START	Twig.Cli.Tests.Commands.AreaCommandTests.View_NoWorkItemRepo_ReturnsOne
2026-07-31T00:34:57.8602760+00:00	END	Twig.Cli.Tests.Commands.AreaCommandTests.View_NoWorkItemRepo_ReturnsOne
2026-07-31T00:34:57.8603871+00:00	START	Twig.Cli.Tests.Commands.AreaCommandTests.View_ParentAlreadyInAreaResults_SkipsHydration
2026-07-31T00:34:57.8622932+00:00	END	Twig.Cli.Tests.Commands.AreaCommandTests.View_ParentAlreadyInAreaResults_SkipsHydration
2026-07-31T00:34:57.8624025+00:00	START	Twig.Cli.Tests.Commands.AreaCommandTests.Add_InvalidPath_ReturnsTwo
2026-07-31T00:34:57.8632658+00:00	END	Twig.Cli.Tests.Commands.AreaCommandTests.Add_InvalidPath_ReturnsTwo
2026-07-31T00:34:57.8633751+00:00	START	Twig.Cli.Tests.Commands.AreaCommandTests.Integration_Sync_Then_List_ShowsSyncedPaths
2026-07-31T00:34:57.8756836+00:00	END	Twig.Cli.Tests.Commands.AreaCommandTests.Integration_Sync_Then_List_ShowsSyncedPaths
2026-07-31T00:34:57.8759199+00:00	START	Twig.Cli.Tests.Commands.AreaCommandTests.Add_DuplicatePath_ReturnsOne
2026-07-31T00:34:57.8767693+00:00	END	Twig.Cli.Tests.Commands.AreaCommandTests.Add_DuplicatePath_ReturnsOne
2026-07-31T00:34:57.8769085+00:00	START	Twig.Cli.Tests.Commands.AreaCommandTests.List_WithEntries_DisplaysAll
2026-07-31T00:34:57.8781057+00:00	END	Twig.Cli.Tests.Commands.AreaCommandTests.List_WithEntries_DisplaysAll
2026-07-31T00:34:57.8782309+00:00	START	Twig.Cli.Tests.Commands.AreaCommandTests.Add_ValidPath_UnderSemantics_ReturnsZero
2026-07-31T00:34:57.8854038+00:00	END	Twig.Cli.Tests.Commands.AreaCommandTests.Add_ValidPath_UnderSemantics_ReturnsZero
2026-07-31T00:34:57.8855633+00:00	START	Twig.Cli.Tests.Commands.AreaCommandTests.Remove_CaseInsensitive_RemovesMatching
2026-07-31T00:34:57.8892615+00:00	END	Twig.Cli.Tests.Commands.AreaCommandTests.Remove_CaseInsensitive_RemovesMatching
2026-07-31T00:34:57.8893985+00:00	START	Twig.Cli.Tests.Commands.AreaCommandTests.View_NoMatchingItems_ShowsEmptyView
2026-07-31T00:34:57.8903862+00:00	END	Twig.Cli.Tests.Commands.AreaCommandTests.View_NoMatchingItems_ShowsEmptyView
2026-07-31T00:34:57.8904837+00:00	START	Twig.Cli.Tests.Commands.AreaCommandTests.Sync_NoTeamAreas_ReturnsOne
2026-07-31T00:34:57.8911501+00:00	END	Twig.Cli.Tests.Commands.AreaCommandTests.Sync_NoTeamAreas_ReturnsOne
2026-07-31T00:34:57.8912670+00:00	START	Twig.Cli.Tests.Commands.AreaCommandTests.Remove_EmptyConfig_ReturnsOne
2026-07-31T00:34:57.8919753+00:00	END	Twig.Cli.Tests.Commands.AreaCommandTests.Remove_EmptyConfig_ReturnsOne
2026-07-31T00:34:57.8921020+00:00	START	Twig.Cli.Tests.Commands.AreaCommandTests.Integration_Add_Then_View_QueriesWithAddedPath
2026-07-31T00:34:57.8979560+00:00	END	Twig.Cli.Tests.Commands.AreaCommandTests.Integration_Add_Then_View_QueriesWithAddedPath
2026-07-31T00:34:57.8981185+00:00	START	Twig.Cli.Tests.Commands.AreaCommandTests.List_EmptyConfig_ShowsMessage
2026-07-31T00:34:57.8989017+00:00	END	Twig.Cli.Tests.Commands.AreaCommandTests.List_EmptyConfig_ShowsMessage
2026-07-31T00:34:57.8990203+00:00	START	Twig.Cli.Tests.Commands.AreaCommandTests.View_FallbackAreaPaths_UsesResolveAreaPaths
2026-07-31T00:34:57.9008790+00:00	END	Twig.Cli.Tests.Commands.AreaCommandTests.View_FallbackAreaPaths_UsesResolveAreaPaths
2026-07-31T00:34:57.9009979+00:00	START	Twig.Cli.Tests.Commands.AreaCommandTests.Integration_AddListRemoveList_FullFlow
2026-07-31T00:34:57.9061324+00:00	END	Twig.Cli.Tests.Commands.AreaCommandTests.Integration_AddListRemoveList_FullFlow
2026-07-31T00:34:57.9063162+00:00	START	Twig.Cli.Tests.Commands.AreaCommandTests.View_WithParentHydration_HydratesParentChains
2026-07-31T00:34:57.9082920+00:00	END	Twig.Cli.Tests.Commands.AreaCommandTests.View_WithParentHydration_HydratesParentChains
2026-07-31T00:34:57.9084110+00:00	START	Twig.Cli.Tests.Commands.AreaCommandTests.View_WithMatchingItems_ShowsAreaItems
2026-07-31T00:34:57.9100911+00:00	END	Twig.Cli.Tests.Commands.AreaCommandTests.View_WithMatchingItems_ShowsAreaItems
2026-07-31T00:34:57.9102103+00:00	START	Twig.Cli.Tests.Commands.AreaCommandTests.Sync_OutputShowsEachEntryWithSemantics
2026-07-31T00:34:57.9227056+00:00	END	Twig.Cli.Tests.Commands.AreaCommandTests.Sync_OutputShowsEachEntryWithSemantics
2026-07-31T00:34:57.9230674+00:00	START	Twig.Cli.Tests.Commands.AreaCommandTests.Sync_PersistsToConfigFile
2026-07-31T00:34:57.9546267+00:00	END	Twig.Cli.Tests.Commands.AreaCommandTests.Sync_PersistsToConfigFile
2026-07-31T00:34:57.9549296+00:00	START	Twig.Cli.Tests.Commands.AreaCommandTests.View_NoAreaPathsConfigured_ShowsHelpfulMessage
2026-07-31T00:34:57.9560719+00:00	END	Twig.Cli.Tests.Commands.AreaCommandTests.View_NoAreaPathsConfigured_ShowsHelpfulMessage
2026-07-31T00:34:57.9562274+00:00	START	Twig.Cli.Tests.Commands.AreaCommandTests.Sync_ClearsPreExistingPaths
2026-07-31T00:34:57.9766191+00:00	END	Twig.Cli.Tests.Commands.AreaCommandTests.Sync_ClearsPreExistingPaths
2026-07-31T00:34:57.9769055+00:00	START	Twig.Cli.Tests.Commands.AreaCommandTests.Sync_NoIterationService_ReturnsOne
2026-07-31T00:34:57.9776883+00:00	END	Twig.Cli.Tests.Commands.AreaCommandTests.Sync_NoIterationService_ReturnsOne
2026-07-31T00:34:57.9792777+00:00	START	Twig.Cli.Tests.Commands.BatchCommandTests.FieldOnly_MultipleFields_AllIncludedInSinglePatch
2026-07-31T00:34:57.9999760+00:00	END	Twig.Cli.Tests.Commands.BatchCommandTests.FieldOnly_MultipleFields_AllIncludedInSinglePatch
2026-07-31T00:34:58.0006118+00:00	START	Twig.Cli.Tests.Commands.BatchCommandTests.ResyncCache_ReFetchesAndSavesServerItem
2026-07-31T00:34:58.0076353+00:00	END	Twig.Cli.Tests.Commands.BatchCommandTests.ResyncCache_ReFetchesAndSavesServerItem
2026-07-31T00:34:58.0080311+00:00	START	Twig.Cli.Tests.Commands.BatchCommandTests.InvalidSetFormat_EmptyKey_ReturnsExitCode2
2026-07-31T00:34:58.0087193+00:00	END	Twig.Cli.Tests.Commands.BatchCommandTests.InvalidSetFormat_EmptyKey_ReturnsExitCode2
2026-07-31T00:34:58.0089996+00:00	START	Twig.Cli.Tests.Commands.BatchCommandTests.StateOnly_ForwardTransition_Succeeds
2026-07-31T00:34:58.0111739+00:00	END	Twig.Cli.Tests.Commands.BatchCommandTests.StateOnly_ForwardTransition_Succeeds
2026-07-31T00:34:58.0114379+00:00	START	Twig.Cli.Tests.Commands.BatchCommandTests.IdsParameter_SingleId_TreatedAsMultiItemMode
2026-07-31T00:34:58.0152578+00:00	END	Twig.Cli.Tests.Commands.BatchCommandTests.IdsParameter_SingleId_TreatedAsMultiItemMode
2026-07-31T00:34:58.0155459+00:00	START	Twig.Cli.Tests.Commands.BatchCommandTests.AutoPushesResidualNotes_AfterPatch
2026-07-31T00:34:58.0171230+00:00	END	Twig.Cli.Tests.Commands.BatchCommandTests.AutoPushesResidualNotes_AfterPatch
2026-07-31T00:34:58.0173917+00:00	START	Twig.Cli.Tests.Commands.BatchCommandTests.SetParsing_ValueContainsEquals_SplitsOnFirstOnly
2026-07-31T00:34:58.0198462+00:00	END	Twig.Cli.Tests.Commands.BatchCommandTests.SetParsing_ValueContainsEquals_SplitsOnFirstOnly
2026-07-31T00:34:58.0201197+00:00	START	Twig.Cli.Tests.Commands.BatchCommandTests.SingleItem_ConflictResolved_WithNote_DoesNotAddNote
2026-07-31T00:34:58.0225731+00:00	END	Twig.Cli.Tests.Commands.BatchCommandTests.SingleItem_ConflictResolved_WithNote_DoesNotAddNote
2026-07-31T00:34:58.0228473+00:00	START	Twig.Cli.Tests.Commands.BatchCommandTests.SingleItem_ConflictResolved_WithNote_DoesNotAddNote
2026-07-31T00:34:58.0233956+00:00	END	Twig.Cli.Tests.Commands.BatchCommandTests.SingleItem_ConflictResolved_WithNote_DoesNotAddNote
2026-07-31T00:34:58.0236645+00:00	START	Twig.Cli.Tests.Commands.BatchCommandTests.IdsParameter_JsonOutput_PartialFailure_ProducesPerItemErrorField
2026-07-31T00:34:58.0258701+00:00	END	Twig.Cli.Tests.Commands.BatchCommandTests.IdsParameter_JsonOutput_PartialFailure_ProducesPerItemErrorField
2026-07-31T00:34:58.0261404+00:00	START	Twig.Cli.Tests.Commands.BatchCommandTests.PatchConflict_RetrySucceeds
2026-07-31T00:34:58.0283514+00:00	END	Twig.Cli.Tests.Commands.BatchCommandTests.PatchConflict_RetrySucceeds
2026-07-31T00:34:58.0286555+00:00	START	Twig.Cli.Tests.Commands.BatchCommandTests.FieldOnly_SingleField_Succeeds
2026-07-31T00:34:58.0329802+00:00	END	Twig.Cli.Tests.Commands.BatchCommandTests.FieldOnly_SingleField_Succeeds
2026-07-31T00:34:58.0337712+00:00	START	Twig.Cli.Tests.Commands.BatchCommandTests.IdParameter_ResolvesSpecificItem
2026-07-31T00:34:58.0351499+00:00	END	Twig.Cli.Tests.Commands.BatchCommandTests.IdParameter_ResolvesSpecificItem
2026-07-31T00:34:58.0354411+00:00	START	Twig.Cli.Tests.Commands.BatchCommandTests.IdsParameter_FetchThrowsDuringProcess_ContinuesToNextItem
2026-07-31T00:34:58.0369887+00:00	END	Twig.Cli.Tests.Commands.BatchCommandTests.IdsParameter_FetchThrowsDuringProcess_ContinuesToNextItem
2026-07-31T00:34:58.0372626+00:00	START	Twig.Cli.Tests.Commands.BatchCommandTests.NoActiveItem_ReturnsExitCode1
2026-07-31T00:34:58.0378832+00:00	END	Twig.Cli.Tests.Commands.BatchCommandTests.NoActiveItem_ReturnsExitCode1
2026-07-31T00:34:58.0381492+00:00	START	Twig.Cli.Tests.Commands.BatchCommandTests.IdsParameter_IdAndIdsMutuallyExclusive_ReturnsExitCode2
2026-07-31T00:34:58.0387151+00:00	END	Twig.Cli.Tests.Commands.BatchCommandTests.IdsParameter_IdAndIdsMutuallyExclusive_ReturnsExitCode2
2026-07-31T00:34:58.0389788+00:00	START	Twig.Cli.Tests.Commands.BatchCommandTests.UnknownType_ReturnsExitCode1
2026-07-31T00:34:58.0424266+00:00	END	Twig.Cli.Tests.Commands.BatchCommandTests.UnknownType_ReturnsExitCode1
2026-07-31T00:34:58.0427815+00:00	START	Twig.Cli.Tests.Commands.BatchCommandTests.StateFieldAndNote_AllApplied
2026-07-31T00:34:58.0446750+00:00	END	Twig.Cli.Tests.Commands.BatchCommandTests.StateFieldAndNote_AllApplied
2026-07-31T00:34:58.0449425+00:00	START	Twig.Cli.Tests.Commands.BatchCommandTests.PatchConflict_BothAttemptsFail_ReturnsExitCode1
2026-07-31T00:34:58.0464142+00:00	END	Twig.Cli.Tests.Commands.BatchCommandTests.PatchConflict_BothAttemptsFail_ReturnsExitCode1
2026-07-31T00:34:58.0466893+00:00	START	Twig.Cli.Tests.Commands.BatchCommandTests.NoteOnly_AddsComment
2026-07-31T00:34:58.0485847+00:00	END	Twig.Cli.Tests.Commands.BatchCommandTests.NoteOnly_AddsComment
2026-07-31T00:34:58.0488585+00:00	START	Twig.Cli.Tests.Commands.BatchCommandTests.InvalidSetFormat_MissingEquals_ReturnsExitCode2
2026-07-31T00:34:58.0494505+00:00	END	Twig.Cli.Tests.Commands.BatchCommandTests.InvalidSetFormat_MissingEquals_ReturnsExitCode2
2026-07-31T00:34:58.0497387+00:00	START	Twig.Cli.Tests.Commands.BatchCommandTests.SingleItem_ConflictAborted_NoRedundantSuccessLine
2026-07-31T00:34:58.0510317+00:00	END	Twig.Cli.Tests.Commands.BatchCommandTests.SingleItem_ConflictAborted_NoRedundantSuccessLine
2026-07-31T00:34:58.0512967+00:00	START	Twig.Cli.Tests.Commands.BatchCommandTests.IdsParameter_MultipleItems_AllSucceed
2026-07-31T00:34:58.0532441+00:00	END	Twig.Cli.Tests.Commands.BatchCommandTests.IdsParameter_MultipleItems_AllSucceed
2026-07-31T00:34:58.0535130+00:00	START	Twig.Cli.Tests.Commands.BatchCommandTests.NoOperations_ReturnsExitCode2
2026-07-31T00:34:58.0540321+00:00	END	Twig.Cli.Tests.Commands.BatchCommandTests.NoOperations_ReturnsExitCode2
2026-07-31T00:34:58.0543021+00:00	START	Twig.Cli.Tests.Commands.BatchCommandTests.StateOnly_BackwardTransition_NoConfirmationNeeded_Succeeds
2026-07-31T00:34:58.0567114+00:00	END	Twig.Cli.Tests.Commands.BatchCommandTests.StateOnly_BackwardTransition_NoConfirmationNeeded_Succeeds
2026-07-31T00:34:58.0569983+00:00	START	Twig.Cli.Tests.Commands.BatchCommandTests.IdsParameter_JsonOutput_ProducesStructuredBatchResult
2026-07-31T00:34:58.0582157+00:00	END	Twig.Cli.Tests.Commands.BatchCommandTests.IdsParameter_JsonOutput_ProducesStructuredBatchResult
2026-07-31T00:34:58.0584756+00:00	START	Twig.Cli.Tests.Commands.BatchCommandTests.StateOnly_BackwardTransition_NoPrompt_NeverCancels
2026-07-31T00:34:58.0595422+00:00	END	Twig.Cli.Tests.Commands.BatchCommandTests.StateOnly_BackwardTransition_NoPrompt_NeverCancels
2026-07-31T00:34:58.0599028+00:00	START	Twig.Cli.Tests.Commands.BatchCommandTests.StateOnly_InvalidState_ReturnsExitCode1
2026-07-31T00:34:58.0622859+00:00	END	Twig.Cli.Tests.Commands.BatchCommandTests.StateOnly_InvalidState_ReturnsExitCode1
2026-07-31T00:34:58.0625635+00:00	START	Twig.Cli.Tests.Commands.BatchCommandTests.IdsParameter_BackwardTransition_NoConfirmation_Succeeds
2026-07-31T00:34:58.0639995+00:00	END	Twig.Cli.Tests.Commands.BatchCommandTests.IdsParameter_BackwardTransition_NoConfirmation_Succeeds
2026-07-31T00:34:58.0642619+00:00	START	Twig.Cli.Tests.Commands.BatchCommandTests.IdsParameter_WithNote_AddsNoteToAllItems
2026-07-31T00:34:58.0662832+00:00	END	Twig.Cli.Tests.Commands.BatchCommandTests.IdsParameter_WithNote_AddsNoteToAllItems
2026-07-31T00:34:58.0665562+00:00	START	Twig.Cli.Tests.Commands.BatchCommandTests.InvalidFormat_ReturnsExitCode2
2026-07-31T00:34:58.0670336+00:00	END	Twig.Cli.Tests.Commands.BatchCommandTests.InvalidFormat_ReturnsExitCode2
2026-07-31T00:34:58.0672985+00:00	START	Twig.Cli.Tests.Commands.BatchCommandTests.StateOnly_AlreadyInState_SkipsStateChange
2026-07-31T00:34:58.0682722+00:00	END	Twig.Cli.Tests.Commands.BatchCommandTests.StateOnly_AlreadyInState_SkipsStateChange
2026-07-31T00:34:58.0685325+00:00	START	Twig.Cli.Tests.Commands.BatchCommandTests.StateAlreadyInTarget_FieldUpdatesStillApply
2026-07-31T00:34:58.0713732+00:00	END	Twig.Cli.Tests.Commands.BatchCommandTests.StateAlreadyInTarget_FieldUpdatesStillApply
2026-07-31T00:34:58.0716522+00:00	START	Twig.Cli.Tests.Commands.BatchCommandTests.ResyncCache_FetchThrows_ReturnsSuccessWithWarning
2026-07-31T00:34:58.0732842+00:00	END	Twig.Cli.Tests.Commands.BatchCommandTests.ResyncCache_FetchThrows_ReturnsSuccessWithWarning
2026-07-31T00:34:58.0735501+00:00	START	Twig.Cli.Tests.Commands.BatchCommandTests.IdsParameter_InvalidIds_ReturnsExitCode2
2026-07-31T00:34:58.0740516+00:00	END	Twig.Cli.Tests.Commands.BatchCommandTests.IdsParameter_InvalidIds_ReturnsExitCode2
2026-07-31T00:34:58.0743144+00:00	START	Twig.Cli.Tests.Commands.BatchCommandTests.IdsParameter_ContinuesOnFailure_ReportsPartialSuccess
2026-07-31T00:34:58.0762315+00:00	END	Twig.Cli.Tests.Commands.BatchCommandTests.IdsParameter_ContinuesOnFailure_ReportsPartialSuccess
2026-07-31T00:34:58.0765032+00:00	START	Twig.Cli.Tests.Commands.BatchCommandTests.IdsParameter_WhitespaceAroundIds_ParsesCorrectly
2026-07-31T00:34:58.0784406+00:00	END	Twig.Cli.Tests.Commands.BatchCommandTests.IdsParameter_WhitespaceAroundIds_ParsesCorrectly
2026-07-31T00:34:58.0787141+00:00	START	Twig.Cli.Tests.Commands.BatchCommandTests.StateAndField_CombinedInSinglePatch
2026-07-31T00:34:58.0816822+00:00	END	Twig.Cli.Tests.Commands.BatchCommandTests.StateAndField_CombinedInSinglePatch
2026-07-31T00:34:58.0819757+00:00	START	Twig.Cli.Tests.Commands.BatchCommandTests.StateOnly_DisallowedTransition_ReturnsExitCode1
2026-07-31T00:34:58.0829972+00:00	END	Twig.Cli.Tests.Commands.BatchCommandTests.StateOnly_DisallowedTransition_ReturnsExitCode1
2026-07-31T00:34:58.0832659+00:00	START	Twig.Cli.Tests.Commands.BatchCommandTests.IdsParameter_SkipsInteractiveConflictResolution
2026-07-31T00:34:58.0846161+00:00	END	Twig.Cli.Tests.Commands.BatchCommandTests.IdsParameter_SkipsInteractiveConflictResolution
2026-07-31T00:34:58.0848778+00:00	START	Twig.Cli.Tests.Commands.BatchCommandTests.SetParsing_MarkdownFormat_ConvertsValues
2026-07-31T00:34:58.0883724+00:00	END	Twig.Cli.Tests.Commands.BatchCommandTests.SetParsing_MarkdownFormat_ConvertsValues
2026-07-31T00:34:58.0887980+00:00	START	Twig.Cli.Tests.Formatters.ProcessAwareWorkspaceTests.FormatCategoryHeader_ReturnsDisplayName
2026-07-31T00:34:58.0895881+00:00	END	Twig.Cli.Tests.Formatters.ProcessAwareWorkspaceTests.FormatCategoryHeader_ReturnsDisplayName
2026-07-31T00:34:58.0896634+00:00	START	Twig.Cli.Tests.Formatters.ProcessAwareWorkspaceTests.FormatCategoryHeader_ReturnsDisplayName
2026-07-31T00:34:58.0899507+00:00	END	Twig.Cli.Tests.Formatters.ProcessAwareWorkspaceTests.FormatCategoryHeader_ReturnsDisplayName
2026-07-31T00:34:58.0900232+00:00	START	Twig.Cli.Tests.Formatters.ProcessAwareWorkspaceTests.FormatCategoryHeader_ReturnsDisplayName
2026-07-31T00:34:58.0900657+00:00	END	Twig.Cli.Tests.Formatters.ProcessAwareWorkspaceTests.FormatCategoryHeader_ReturnsDisplayName
2026-07-31T00:34:58.0904680+00:00	START	Twig.Cli.Tests.Formatters.ProcessAwareWorkspaceTests.FormatCategoryHeader_ReturnsDisplayName
2026-07-31T00:34:58.0905224+00:00	END	Twig.Cli.Tests.Formatters.ProcessAwareWorkspaceTests.FormatCategoryHeader_ReturnsDisplayName
2026-07-31T00:34:58.0906118+00:00	START	Twig.Cli.Tests.Formatters.ProcessAwareWorkspaceTests.SprintView_AllChildren_LastChildGetsClosingConnector
2026-07-31T00:34:58.1063883+00:00	END	Twig.Cli.Tests.Formatters.ProcessAwareWorkspaceTests.SprintView_AllChildren_LastChildGetsClosingConnector
2026-07-31T00:34:58.1065489+00:00	START	Twig.Cli.Tests.Formatters.ProcessAwareWorkspaceTests.SprintView_HierarchicalAssigneeAsGroupHeader
2026-07-31T00:34:58.1071477+00:00	END	Twig.Cli.Tests.Formatters.ProcessAwareWorkspaceTests.SprintView_HierarchicalAssigneeAsGroupHeader
2026-07-31T00:34:58.1072311+00:00	START	Twig.Cli.Tests.Formatters.ProcessAwareWorkspaceTests.GroupByStateCategory_ReturnsCorrectGroups
2026-07-31T00:34:58.1098901+00:00	END	Twig.Cli.Tests.Formatters.ProcessAwareWorkspaceTests.GroupByStateCategory_ReturnsCorrectGroups
2026-07-31T00:34:58.1099736+00:00	START	Twig.Cli.Tests.Formatters.ProcessAwareWorkspaceTests.StateCategories_CountPerCategoryIsCorrect
2026-07-31T00:34:58.1104758+00:00	END	Twig.Cli.Tests.Formatters.ProcessAwareWorkspaceTests.StateCategories_CountPerCategoryIsCorrect
2026-07-31T00:34:58.1105509+00:00	START	Twig.Cli.Tests.Formatters.ProcessAwareWorkspaceTests.ProgressIndicator_ShowsDoneOverTotal
2026-07-31T00:34:58.1110907+00:00	END	Twig.Cli.Tests.Formatters.ProcessAwareWorkspaceTests.ProgressIndicator_ShowsDoneOverTotal
2026-07-31T00:34:58.1111689+00:00	START	Twig.Cli.Tests.Formatters.ProcessAwareWorkspaceTests.FormatProgressIndicator_WithChildren_ReturnsProgress
2026-07-31T00:34:58.1115197+00:00	END	Twig.Cli.Tests.Formatters.ProcessAwareWorkspaceTests.FormatProgressIndicator_WithChildren_ReturnsProgress
2026-07-31T00:34:58.1116034+00:00	START	Twig.Cli.Tests.Formatters.ProcessAwareWorkspaceTests.GroupByStateCategory_EmptyList_ReturnsEmpty
2026-07-31T00:34:58.1117819+00:00	END	Twig.Cli.Tests.Formatters.ProcessAwareWorkspaceTests.GroupByStateCategory_EmptyList_ReturnsEmpty
2026-07-31T00:34:58.1118568+00:00	START	Twig.Cli.Tests.Formatters.ProcessAwareWorkspaceTests.ProgressIndicator_InWorkspaceView
2026-07-31T00:34:58.1143367+00:00	END	Twig.Cli.Tests.Formatters.ProcessAwareWorkspaceTests.ProgressIndicator_InWorkspaceView
2026-07-31T00:34:58.1144161+00:00	START	Twig.Cli.Tests.Formatters.ProcessAwareWorkspaceTests.WorkspaceView_DoesNotShowInlineAssignee
2026-07-31T00:34:58.1146872+00:00	END	Twig.Cli.Tests.Formatters.ProcessAwareWorkspaceTests.WorkspaceView_DoesNotShowInlineAssignee
2026-07-31T00:34:58.1147612+00:00	START	Twig.Cli.Tests.Formatters.ProcessAwareWorkspaceTests.StateCategories_UnknownStates_FallToProposedBucket
2026-07-31T00:34:58.1163287+00:00	END	Twig.Cli.Tests.Formatters.ProcessAwareWorkspaceTests.StateCategories_UnknownStates_FallToProposedBucket
2026-07-31T00:34:58.1164071+00:00	START	Twig.Cli.Tests.Formatters.ProcessAwareWorkspaceTests.ProgressIndicator_NotShownForLeafItems
2026-07-31T00:34:58.1167386+00:00	END	Twig.Cli.Tests.Formatters.ProcessAwareWorkspaceTests.ProgressIndicator_NotShownForLeafItems
2026-07-31T00:34:58.1168149+00:00	START	Twig.Cli.Tests.Formatters.ProcessAwareWorkspaceTests.SprintView_GroupsByAssignee_NotStateCategory
2026-07-31T00:34:58.1218101+00:00	END	Twig.Cli.Tests.Formatters.ProcessAwareWorkspaceTests.SprintView_GroupsByAssignee_NotStateCategory
2026-07-31T00:34:58.1218917+00:00	START	Twig.Cli.Tests.Formatters.ProcessAwareWorkspaceTests.StateCategories_EmptyCategoriesAreOmitted
2026-07-31T00:34:58.1222501+00:00	END	Twig.Cli.Tests.Formatters.ProcessAwareWorkspaceTests.StateCategories_EmptyCategoriesAreOmitted
2026-07-31T00:34:58.1223253+00:00	START	Twig.Cli.Tests.Formatters.ProcessAwareWorkspaceTests.ProgressIndicator_AllChildrenDone
2026-07-31T00:34:58.1228074+00:00	END	Twig.Cli.Tests.Formatters.ProcessAwareWorkspaceTests.ProgressIndicator_AllChildrenDone
2026-07-31T00:34:58.1228827+00:00	START	Twig.Cli.Tests.Formatters.ProcessAwareWorkspaceTests.StateCategories_EmptySprint_ShowsZeroItems
2026-07-31T00:34:58.1230794+00:00	END	Twig.Cli.Tests.Formatters.ProcessAwareWorkspaceTests.StateCategories_EmptySprint_ShowsZeroItems
2026-07-31T00:34:58.1231529+00:00	START	Twig.Cli.Tests.Formatters.ProcessAwareWorkspaceTests.SprintView_HierarchyWithoutCategoryGrouping_ShowsParentOnce
2026-07-31T00:34:58.1247308+00:00	END	Twig.Cli.Tests.Formatters.ProcessAwareWorkspaceTests.SprintView_HierarchyWithoutCategoryGrouping_ShowsParentOnce
2026-07-31T00:34:58.1248086+00:00	START	Twig.Cli.Tests.Formatters.ProcessAwareWorkspaceTests.SprintView_WithHierarchy_IndentsChildrenUnderParents
2026-07-31T00:34:58.1252723+00:00	END	Twig.Cli.Tests.Formatters.ProcessAwareWorkspaceTests.SprintView_WithHierarchy_IndentsChildrenUnderParents
2026-07-31T00:34:58.1253486+00:00	START	Twig.Cli.Tests.Formatters.ProcessAwareWorkspaceTests.StateCategories_DisplayInCorrectOrder
2026-07-31T00:34:58.1263667+00:00	END	Twig.Cli.Tests.Formatters.ProcessAwareWorkspaceTests.StateCategories_DisplayInCorrectOrder
2026-07-31T00:34:58.1264455+00:00	START	Twig.Cli.Tests.Formatters.ProcessAwareWorkspaceTests.WorkspaceView_GroupsItemsByStateCategory
2026-07-31T00:34:58.1268205+00:00	END	Twig.Cli.Tests.Formatters.ProcessAwareWorkspaceTests.WorkspaceView_GroupsItemsByStateCategory
2026-07-31T00:34:58.1268956+00:00	START	Twig.Cli.Tests.Formatters.ProcessAwareWorkspaceTests.SprintView_ShowsAssigneeAsGroupHeader
2026-07-31T00:34:58.1272594+00:00	END	Twig.Cli.Tests.Formatters.ProcessAwareWorkspaceTests.SprintView_ShowsAssigneeAsGroupHeader
2026-07-31T00:34:58.1273348+00:00	START	Twig.Cli.Tests.Formatters.ProcessAwareWorkspaceTests.StateCategories_WithCustomStateEntries_UsesProvidedCategories
2026-07-31T00:34:58.1282555+00:00	END	Twig.Cli.Tests.Formatters.ProcessAwareWorkspaceTests.StateCategories_WithCustomStateEntries_UsesProvidedCategories
2026-07-31T00:34:58.1283326+00:00	START	Twig.Cli.Tests.Formatters.ProcessAwareWorkspaceTests.SprintView_ShowsUnassignedGroupHeader
2026-07-31T00:34:58.1285844+00:00	END	Twig.Cli.Tests.Formatters.ProcessAwareWorkspaceTests.SprintView_ShowsUnassignedGroupHeader
2026-07-31T00:34:58.1286585+00:00	START	Twig.Cli.Tests.Formatters.ProcessAwareWorkspaceTests.ProgressIndicator_NoChildrenDone
2026-07-31T00:34:58.1300578+00:00	END	Twig.Cli.Tests.Formatters.ProcessAwareWorkspaceTests.ProgressIndicator_NoChildrenDone
2026-07-31T00:34:58.1301568+00:00	START	Twig.Cli.Tests.Formatters.ProcessAwareWorkspaceTests.FormatProgressIndicator_NoChildren_ReturnsEmpty
2026-07-31T00:34:58.1307398+00:00	END	Twig.Cli.Tests.Formatters.ProcessAwareWorkspaceTests.FormatProgressIndicator_NoChildren_ReturnsEmpty
2026-07-31T00:34:58.1316330+00:00	START	Twig.Cli.Tests.Commands.OfflineModeTests.ExceptionHandler_AdoOfflineException_ShowsBanner
2026-07-31T00:34:58.1319939+00:00	END	Twig.Cli.Tests.Commands.OfflineModeTests.ExceptionHandler_AdoOfflineException_ShowsBanner
2026-07-31T00:34:58.1327214+00:00	START	Twig.Cli.Tests.Commands.PatchCommandTelemetryTests.ExecuteAsync_NoInput_EmitsTelemetryWithExitCodeTwo
2026-07-31T00:34:58.1360951+00:00	END	Twig.Cli.Tests.Commands.PatchCommandTelemetryTests.ExecuteAsync_NoInput_EmitsTelemetryWithExitCodeTwo
2026-07-31T00:34:58.1364629+00:00	START	Twig.Cli.Tests.Commands.PatchCommandTelemetryTests.ExecuteAsync_Stdin_EmitsCorrectFieldCount
2026-07-31T00:34:58.1393736+00:00	END	Twig.Cli.Tests.Commands.PatchCommandTelemetryTests.ExecuteAsync_Stdin_EmitsCorrectFieldCount
2026-07-31T00:34:58.1396631+00:00	START	Twig.Cli.Tests.Commands.PatchCommandTelemetryTests.ExecuteAsync_ConcurrencyConflict_EmitsTelemetryWithExitCodeOne
2026-07-31T00:34:58.1422718+00:00	END	Twig.Cli.Tests.Commands.PatchCommandTelemetryTests.ExecuteAsync_ConcurrencyConflict_EmitsTelemetryWithExitCodeOne
2026-07-31T00:34:58.1425454+00:00	START	Twig.Cli.Tests.Commands.PatchCommandTelemetryTests.ExecuteAsync_SingleField_EmitsFieldCountOne
2026-07-31T00:34:58.1442923+00:00	END	Twig.Cli.Tests.Commands.PatchCommandTelemetryTests.ExecuteAsync_SingleField_EmitsFieldCountOne
2026-07-31T00:34:58.1445467+00:00	START	Twig.Cli.Tests.Commands.PatchCommandTelemetryTests.ExecuteAsync_NoActiveItem_EmitsTelemetryWithExitCodeOne
2026-07-31T00:34:58.1467374+00:00	END	Twig.Cli.Tests.Commands.PatchCommandTelemetryTests.ExecuteAsync_NoActiveItem_EmitsTelemetryWithExitCodeOne
2026-07-31T00:34:58.1470014+00:00	START	Twig.Cli.Tests.Commands.PatchCommandTelemetryTests.ExecuteAsync_Success_EmitsTelemetryWithPatchCommandAndFieldCount
2026-07-31T00:34:58.1496714+00:00	END	Twig.Cli.Tests.Commands.PatchCommandTelemetryTests.ExecuteAsync_Success_EmitsTelemetryWithPatchCommandAndFieldCount
2026-07-31T00:34:58.1499360+00:00	START	Twig.Cli.Tests.Commands.PatchCommandTelemetryTests.ExecuteAsync_InvalidJson_EmitsTelemetryWithExitCodeTwo
2026-07-31T00:34:58.1515959+00:00	END	Twig.Cli.Tests.Commands.PatchCommandTelemetryTests.ExecuteAsync_InvalidJson_EmitsTelemetryWithExitCodeTwo
2026-07-31T00:34:58.1518731+00:00	START	Twig.Cli.Tests.Commands.PatchCommandTelemetryTests.ExecuteAsync_AlwaysEmitsDurationMs
2026-07-31T00:34:58.1539847+00:00	END	Twig.Cli.Tests.Commands.PatchCommandTelemetryTests.ExecuteAsync_AlwaysEmitsDurationMs
2026-07-31T00:34:58.1542481+00:00	START	Twig.Cli.Tests.Commands.PatchCommandTelemetryTests.ExecuteAsync_NullTelemetryClient_DoesNotThrow
2026-07-31T00:34:58.1556305+00:00	END	Twig.Cli.Tests.Commands.PatchCommandTelemetryTests.ExecuteAsync_NullTelemetryClient_DoesNotThrow
2026-07-31T00:34:58.1559318+00:00	START	Twig.Cli.Tests.Formatters.SprintHierarchyFormatterTests.HierarchicalOutput_ContainsBoxDrawingCharacters
2026-07-31T00:34:58.1567096+00:00	END	Twig.Cli.Tests.Formatters.SprintHierarchyFormatterTests.HierarchicalOutput_ContainsBoxDrawingCharacters
2026-07-31T00:34:58.1567886+00:00	START	Twig.Cli.Tests.Formatters.SprintHierarchyFormatterTests.ParentContextNodes_AreDimmed
2026-07-31T00:34:58.1570025+00:00	END	Twig.Cli.Tests.Formatters.SprintHierarchyFormatterTests.ParentContextNodes_AreDimmed
2026-07-31T00:34:58.1570810+00:00	START	Twig.Cli.Tests.Formatters.SprintHierarchyFormatterTests.SharedParents_AppearOnceWithMultipleChildren
2026-07-31T00:34:58.1577129+00:00	END	Twig.Cli.Tests.Formatters.SprintHierarchyFormatterTests.SharedParents_AppearOnceWithMultipleChildren
2026-07-31T00:34:58.1577937+00:00	START	Twig.Cli.Tests.Formatters.SprintHierarchyFormatterTests.AssigneeGroups_RenderInAlphabeticalOrder
2026-07-31T00:34:58.1591981+00:00	END	Twig.Cli.Tests.Formatters.SprintHierarchyFormatterTests.AssigneeGroups_RenderInAlphabeticalOrder
2026-07-31T00:34:58.1592756+00:00	START	Twig.Cli.Tests.Formatters.SprintHierarchyFormatterTests.EmptySprint_ShowsZeroItems
2026-07-31T00:34:58.1595680+00:00	END	Twig.Cli.Tests.Formatters.SprintHierarchyFormatterTests.EmptySprint_ShowsZeroItems
2026-07-31T00:34:58.1596567+00:00	START	Twig.Cli.Tests.Formatters.SprintHierarchyFormatterTests.VirtualGroupHeader_RendersAsSeparatorLine
2026-07-31T00:34:58.1680109+00:00	END	Twig.Cli.Tests.Formatters.SprintHierarchyFormatterTests.VirtualGroupHeader_RendersAsSeparatorLine
2026-07-31T00:34:58.1681567+00:00	START	Twig.Cli.Tests.Formatters.SprintHierarchyFormatterTests.SprintItems_ShowActiveMarkerAndDirtyMarker
2026-07-31T00:34:58.1686476+00:00	END	Twig.Cli.Tests.Formatters.SprintHierarchyFormatterTests.SprintItems_ShowActiveMarkerAndDirtyMarker
2026-07-31T00:34:58.1687358+00:00	START	Twig.Cli.Tests.Formatters.SprintHierarchyFormatterTests.FallbackToFlat_WhenHierarchyIsNull
2026-07-31T00:34:58.1690980+00:00	END	Twig.Cli.Tests.Formatters.SprintHierarchyFormatterTests.FallbackToFlat_WhenHierarchyIsNull
2026-07-31T00:34:58.1691728+00:00	START	Twig.Cli.Tests.Formatters.SprintHierarchyFormatterTests.ItemsWithoutParents_RenderAtRoot
2026-07-31T00:34:58.1706111+00:00	END	Twig.Cli.Tests.Formatters.SprintHierarchyFormatterTests.ItemsWithoutParents_RenderAtRoot
2026-07-31T00:34:58.1706901+00:00	START	Twig.Cli.Tests.Formatters.SprintHierarchyFormatterTests.MixedParentedAndUnparented_RendersBothCorrectly
2026-07-31T00:34:58.1718101+00:00	END	Twig.Cli.Tests.Formatters.SprintHierarchyFormatterTests.MixedParentedAndUnparented_RendersBothCorrectly
2026-07-31T00:34:58.1757740+00:00	START	Twig.Cli.Tests.Formatters.SprintHierarchyFormatterTests.VirtualGroupItems_IndentedToBacklogLevel
2026-07-31T00:34:58.1770647+00:00	END	Twig.Cli.Tests.Formatters.SprintHierarchyFormatterTests.VirtualGroupItems_IndentedToBacklogLevel
2026-07-31T00:34:58.1771553+00:00	START	Twig.Cli.Tests.Formatters.SprintHierarchyFormatterTests.ParentContextNodes_DoNotShowActiveOrDirtyMarkers
2026-07-31T00:34:58.1777254+00:00	END	Twig.Cli.Tests.Formatters.SprintHierarchyFormatterTests.ParentContextNodes_DoNotShowActiveOrDirtyMarkers
2026-07-31T00:34:58.1778026+00:00	START	Twig.Cli.Tests.Formatters.SprintHierarchyFormatterTests.VerticalContinuation_ForNonLastChildren
2026-07-31T00:34:58.1784373+00:00	END	Twig.Cli.Tests.Formatters.SprintHierarchyFormatterTests.VerticalContinuation_ForNonLastChildren
2026-07-31T00:34:58.1790893+00:00	START	Twig.Cli.Tests.Commands.AreaCommandDeprecationTests.AreaAdd_StillExecutesCommand_AfterHint
2026-07-31T00:34:58.2052240+00:00	END	Twig.Cli.Tests.Commands.AreaCommandDeprecationTests.AreaAdd_StillExecutesCommand_AfterHint
2026-07-31T00:34:58.2057937+00:00	START	Twig.Cli.Tests.Commands.AreaCommandDeprecationTests.AreaList_StillExecutesCommand_AfterHint
2026-07-31T00:34:58.2081083+00:00	END	Twig.Cli.Tests.Commands.AreaCommandDeprecationTests.AreaList_StillExecutesCommand_AfterHint
2026-07-31T00:34:58.2082680+00:00	START	Twig.Cli.Tests.Commands.AreaCommandDeprecationTests.AreaSync_WritesDeprecationHint_ToStderr
2026-07-31T00:34:58.2096918+00:00	END	Twig.Cli.Tests.Commands.AreaCommandDeprecationTests.AreaSync_WritesDeprecationHint_ToStderr
2026-07-31T00:34:58.2098447+00:00	START	Twig.Cli.Tests.Commands.AreaCommandDeprecationTests.AllAreaAliases_ContainConsistentDeprecationFormat
2026-07-31T00:34:58.2236349+00:00	END	Twig.Cli.Tests.Commands.AreaCommandDeprecationTests.AllAreaAliases_ContainConsistentDeprecationFormat
2026-07-31T00:34:58.2239253+00:00	START	Twig.Cli.Tests.Commands.AreaCommandDeprecationTests.AllAreaAliases_ContainConsistentDeprecationFormat
2026-07-31T00:34:58.2243549+00:00	END	Twig.Cli.Tests.Commands.AreaCommandDeprecationTests.AllAreaAliases_ContainConsistentDeprecationFormat
2026-07-31T00:34:58.2245054+00:00	START	Twig.Cli.Tests.Commands.AreaCommandDeprecationTests.AllAreaAliases_ContainConsistentDeprecationFormat
2026-07-31T00:34:58.2250285+00:00	END	Twig.Cli.Tests.Commands.AreaCommandDeprecationTests.AllAreaAliases_ContainConsistentDeprecationFormat
2026-07-31T00:34:58.2251623+00:00	START	Twig.Cli.Tests.Commands.AreaCommandDeprecationTests.AllAreaAliases_ContainConsistentDeprecationFormat
2026-07-31T00:34:58.2540555+00:00	END	Twig.Cli.Tests.Commands.AreaCommandDeprecationTests.AllAreaAliases_ContainConsistentDeprecationFormat
2026-07-31T00:34:58.2543407+00:00	START	Twig.Cli.Tests.Commands.AreaCommandDeprecationTests.AllAreaAliases_ContainConsistentDeprecationFormat
2026-07-31T00:34:58.2557765+00:00	END	Twig.Cli.Tests.Commands.AreaCommandDeprecationTests.AllAreaAliases_ContainConsistentDeprecationFormat
2026-07-31T00:34:58.2559508+00:00	START	Twig.Cli.Tests.Commands.AreaCommandDeprecationTests.Area_WritesDeprecationHint_ToStderr
2026-07-31T00:34:58.2574581+00:00	END	Twig.Cli.Tests.Commands.AreaCommandDeprecationTests.Area_WritesDeprecationHint_ToStderr
2026-07-31T00:34:58.2576240+00:00	START	Twig.Cli.Tests.Commands.AreaCommandDeprecationTests.AreaRemove_WritesDeprecationHint_ToStderr
2026-07-31T00:34:58.2639105+00:00	END	Twig.Cli.Tests.Commands.AreaCommandDeprecationTests.AreaRemove_WritesDeprecationHint_ToStderr
2026-07-31T00:34:58.2641128+00:00	START	Twig.Cli.Tests.Commands.AreaCommandDeprecationTests.AreaAdd_WritesDeprecationHint_ToStderr
2026-07-31T00:34:58.2754172+00:00	END	Twig.Cli.Tests.Commands.AreaCommandDeprecationTests.AreaAdd_WritesDeprecationHint_ToStderr
2026-07-31T00:34:58.2757077+00:00	START	Twig.Cli.Tests.Commands.AreaCommandDeprecationTests.Area_StillExecutesCommand_AfterHint
2026-07-31T00:34:58.2778508+00:00	END	Twig.Cli.Tests.Commands.AreaCommandDeprecationTests.Area_StillExecutesCommand_AfterHint
2026-07-31T00:34:58.2780446+00:00	START	Twig.Cli.Tests.Commands.AreaCommandDeprecationTests.AreaList_WritesDeprecationHint_ToStderr
2026-07-31T00:34:58.2792060+00:00	END	Twig.Cli.Tests.Commands.AreaCommandDeprecationTests.AreaList_WritesDeprecationHint_ToStderr
2026-07-31T00:34:58.2815960+00:00	START	Twig.Cli.Tests.Commands.InitPreferenceFlowTests.WorkspaceMode_WithBothPreference_PersistsAll
2026-07-31T00:34:58.3066380+00:00	END	Twig.Cli.Tests.Commands.InitPreferenceFlowTests.WorkspaceMode_WithBothPreference_PersistsAll
2026-07-31T00:34:58.3094716+00:00	START	Twig.Cli.Tests.Commands.InitPreferenceFlowTests.ModePrompt_IsCaseInsensitive
2026-07-31T00:34:58.3426298+00:00	END	Twig.Cli.Tests.Commands.InitPreferenceFlowTests.ModePrompt_IsCaseInsensitive
2026-07-31T00:34:58.3437941+00:00	START	Twig.Cli.Tests.Commands.InitPreferenceFlowTests.ModePrompt_IsCaseInsensitive
2026-07-31T00:34:58.3787245+00:00	END	Twig.Cli.Tests.Commands.InitPreferenceFlowTests.ModePrompt_IsCaseInsensitive
2026-07-31T00:34:58.3799777+00:00	START	Twig.Cli.Tests.Commands.InitPreferenceFlowTests.ModePrompt_IsCaseInsensitive
2026-07-31T00:34:58.4088416+00:00	END	Twig.Cli.Tests.Commands.InitPreferenceFlowTests.ModePrompt_IsCaseInsensitive
2026-07-31T00:34:58.4100771+00:00	START	Twig.Cli.Tests.Commands.InitPreferenceFlowTests.ModePrompt_IsCaseInsensitive
2026-07-31T00:34:58.4428714+00:00	END	Twig.Cli.Tests.Commands.InitPreferenceFlowTests.ModePrompt_IsCaseInsensitive
2026-07-31T00:34:58.4440401+00:00	START	Twig.Cli.Tests.Commands.InitPreferenceFlowTests.NonInteractive_NoSources_DoesNotCallTeamIterations
2026-07-31T00:34:58.4736383+00:00	END	Twig.Cli.Tests.Commands.InitPreferenceFlowTests.NonInteractive_NoSources_DoesNotCallTeamIterations
2026-07-31T00:34:58.4748421+00:00	START	Twig.Cli.Tests.Commands.InitPreferenceFlowTests.PreferencePrompt_AreaOnly_PreservesMultipleAutoDetectedAreas
2026-07-31T00:34:58.5116354+00:00	END	Twig.Cli.Tests.Commands.InitPreferenceFlowTests.PreferencePrompt_AreaOnly_PreservesMultipleAutoDetectedAreas
2026-07-31T00:34:58.5128545+00:00	START	Twig.Cli.Tests.Commands.InitPreferenceFlowTests.Interactive_AreaFlag_OverridesAutoDetectedAreas
2026-07-31T00:34:58.5497346+00:00	END	Twig.Cli.Tests.Commands.InitPreferenceFlowTests.Interactive_AreaFlag_OverridesAutoDetectedAreas
2026-07-31T00:34:58.5509345+00:00	START	Twig.Cli.Tests.Commands.InitPreferenceFlowTests.NonInteractive_BothFlags_MultipleExpressions
2026-07-31T00:34:58.5956820+00:00	END	Twig.Cli.Tests.Commands.InitPreferenceFlowTests.NonInteractive_BothFlags_MultipleExpressions
2026-07-31T00:34:58.5968265+00:00	START	Twig.Cli.Tests.Commands.InitPreferenceFlowTests.ForceReinit_NonInteractive_WithFlags_OverridesPreviousConfig
2026-07-31T00:34:58.6417341+00:00	END	Twig.Cli.Tests.Commands.InitPreferenceFlowTests.ForceReinit_NonInteractive_WithFlags_OverridesPreviousConfig
2026-07-31T00:34:58.6428514+00:00	START	Twig.Cli.Tests.Commands.InitPreferenceFlowTests.NullConsoleInput_WithAreaFlag_ConfiguresArea
2026-07-31T00:34:58.6785198+00:00	END	Twig.Cli.Tests.Commands.InitPreferenceFlowTests.NullConsoleInput_WithAreaFlag_ConfiguresArea
2026-07-31T00:34:58.6796913+00:00	START	Twig.Cli.Tests.Commands.InitPreferenceFlowTests.NonInteractive_SprintFlag_SucceedsWhenCurrentIterationFails
2026-07-31T00:34:58.7156384+00:00	END	Twig.Cli.Tests.Commands.InitPreferenceFlowTests.NonInteractive_SprintFlag_SucceedsWhenCurrentIterationFails
2026-07-31T00:34:58.7168305+00:00	START	Twig.Cli.Tests.Commands.InitPreferenceFlowTests.GitWarning_ContinueY_ThenSprintPreference_ConfiguresSprint
2026-07-31T00:34:58.7476333+00:00	END	Twig.Cli.Tests.Commands.InitPreferenceFlowTests.GitWarning_ContinueY_ThenSprintPreference_ConfiguresSprint
2026-07-31T00:34:58.7488485+00:00	START	Twig.Cli.Tests.Commands.InitPreferenceFlowTests.GitWarning_SkippedWhenGitIsFile
2026-07-31T00:34:58.7693546+00:00	END	Twig.Cli.Tests.Commands.InitPreferenceFlowTests.GitWarning_SkippedWhenGitIsFile
2026-07-31T00:34:58.7706663+00:00	START	Twig.Cli.Tests.Commands.InitPreferenceFlowTests.Redirected_WithBothFlags_ConfiguresBoth_NoPrompts
2026-07-31T00:34:58.8016693+00:00	END	Twig.Cli.Tests.Commands.InitPreferenceFlowTests.Redirected_WithBothFlags_ConfiguresBoth_NoPrompts
2026-07-31T00:34:58.8028961+00:00	START	Twig.Cli.Tests.Commands.InitPreferenceFlowTests.NonInteractive_BothFlags_ConfiguresSprintAndArea_NoAutoDetection
2026-07-31T00:34:58.8384848+00:00	END	Twig.Cli.Tests.Commands.InitPreferenceFlowTests.NonInteractive_BothFlags_ConfiguresSprintAndArea_NoAutoDetection
2026-07-31T00:34:58.8396800+00:00	START	Twig.Cli.Tests.Commands.InitPreferenceFlowTests.NonInteractive_ModeDefaultsToSprint
2026-07-31T00:34:58.8706392+00:00	END	Twig.Cli.Tests.Commands.InitPreferenceFlowTests.NonInteractive_ModeDefaultsToSprint
2026-07-31T00:34:58.8718702+00:00	START	Twig.Cli.Tests.Commands.InitPreferenceFlowTests.WorkspaceMode_WithSprintPreference_PersistsBoth
2026-07-31T00:34:58.9076767+00:00	END	Twig.Cli.Tests.Commands.InitPreferenceFlowTests.WorkspaceMode_WithSprintPreference_PersistsBoth
2026-07-31T00:34:58.9088969+00:00	START	Twig.Cli.Tests.Commands.InitPreferenceFlowTests.WorkspaceMode_WithNeitherPreference_StartsEmpty
2026-07-31T00:34:58.9497742+00:00	END	Twig.Cli.Tests.Commands.InitPreferenceFlowTests.WorkspaceMode_WithNeitherPreference_StartsEmpty
2026-07-31T00:34:58.9511177+00:00	START	Twig.Cli.Tests.Commands.InitPreferenceFlowTests.PreferencePrompt_Both_AreaDetectionFails_SprintStillConfigured
2026-07-31T00:34:58.9866911+00:00	END	Twig.Cli.Tests.Commands.InitPreferenceFlowTests.PreferencePrompt_Both_AreaDetectionFails_SprintStillConfigured
2026-07-31T00:34:58.9879429+00:00	START	Twig.Cli.Tests.Commands.InitPreferenceFlowTests.ModePrompt_InvalidInput_FallsBackToSprint
2026-07-31T00:34:59.0276342+00:00	END	Twig.Cli.Tests.Commands.InitPreferenceFlowTests.ModePrompt_InvalidInput_FallsBackToSprint
2026-07-31T00:34:59.0288283+00:00	START	Twig.Cli.Tests.Commands.InitPreferenceFlowTests.ModePrompt_InvalidInput_FallsBackToSprint
2026-07-31T00:34:59.0577103+00:00	END	Twig.Cli.Tests.Commands.InitPreferenceFlowTests.ModePrompt_InvalidInput_FallsBackToSprint
2026-07-31T00:34:59.0588965+00:00	START	Twig.Cli.Tests.Commands.InitPreferenceFlowTests.ModePrompt_InvalidInput_FallsBackToSprint
2026-07-31T00:34:59.0856455+00:00	END	Twig.Cli.Tests.Commands.InitPreferenceFlowTests.ModePrompt_InvalidInput_FallsBackToSprint
2026-07-31T00:34:59.0890029+00:00	START	Twig.Cli.Tests.Commands.InitPreferenceFlowTests.Interactive_BothFlags_SkipsPreferencePrompt
2026-07-31T00:34:59.1171646+00:00	END	Twig.Cli.Tests.Commands.InitPreferenceFlowTests.Interactive_BothFlags_SkipsPreferencePrompt
2026-07-31T00:34:59.1182656+00:00	START	Twig.Cli.Tests.Commands.InitPreferenceFlowTests.NullConsoleInput_WithSprintFlag_ConfiguresSprint
2026-07-31T00:34:59.1432428+00:00	END	Twig.Cli.Tests.Commands.InitPreferenceFlowTests.NullConsoleInput_WithSprintFlag_ConfiguresSprint
2026-07-31T00:34:59.1443142+00:00	START	Twig.Cli.Tests.Commands.InitPreferenceFlowTests.ForceReinit_Interactive_ShowsModeAndPreferencePrompts
2026-07-31T00:34:59.1907330+00:00	END	Twig.Cli.Tests.Commands.InitPreferenceFlowTests.ForceReinit_Interactive_ShowsModeAndPreferencePrompts
2026-07-31T00:34:59.1919173+00:00	START	Twig.Cli.Tests.Commands.InitPreferenceFlowTests.NonInteractive_InvalidSprintFlag_FailsBeforeAreaProcessing
2026-07-31T00:34:59.2176586+00:00	END	Twig.Cli.Tests.Commands.InitPreferenceFlowTests.NonInteractive_InvalidSprintFlag_FailsBeforeAreaProcessing
2026-07-31T00:34:59.2183849+00:00	START	Twig.Cli.Tests.Commands.InitPreferenceFlowTests.Interactive_SprintFlag_OverridesPreferencePromptSprint
2026-07-31T00:34:59.2447038+00:00	END	Twig.Cli.Tests.Commands.InitPreferenceFlowTests.Interactive_SprintFlag_OverridesPreferencePromptSprint
2026-07-31T00:34:59.2458680+00:00	START	Twig.Cli.Tests.Commands.InitPreferenceFlowTests.NullConsoleInput_BothFlags_ConfiguresBoth
2026-07-31T00:34:59.2956464+00:00	END	Twig.Cli.Tests.Commands.InitPreferenceFlowTests.NullConsoleInput_BothFlags_ConfiguresBoth
2026-07-31T00:34:59.2968017+00:00	START	Twig.Cli.Tests.Commands.InitPreferenceFlowTests.NonInteractive_MultipleSprintFlags_AllPersisted
2026-07-31T00:34:59.3233190+00:00	END	Twig.Cli.Tests.Commands.InitPreferenceFlowTests.NonInteractive_MultipleSprintFlags_AllPersisted
2026-07-31T00:34:59.3244355+00:00	START	Twig.Cli.Tests.Commands.InitPreferenceFlowTests.Redirected_NoFlags_StartsEmpty_NoPrompts
2026-07-31T00:34:59.3516538+00:00	END	Twig.Cli.Tests.Commands.InitPreferenceFlowTests.Redirected_NoFlags_StartsEmpty_NoPrompts
2026-07-31T00:34:59.3527816+00:00	START	Twig.Cli.Tests.Commands.InitPreferenceFlowTests.NonInteractive_SprintFlag_AbsoluteAndRelativeMixed
2026-07-31T00:34:59.3997088+00:00	END	Twig.Cli.Tests.Commands.InitPreferenceFlowTests.NonInteractive_SprintFlag_AbsoluteAndRelativeMixed
2026-07-31T00:34:59.4007998+00:00	START	Twig.Cli.Tests.Commands.InitPreferenceFlowTests.GitWarning_ContinueY_ThenModePrompt_WorksCorrectly
2026-07-31T00:34:59.4386348+00:00	END	Twig.Cli.Tests.Commands.InitPreferenceFlowTests.GitWarning_ContinueY_ThenModePrompt_WorksCorrectly
2026-07-31T00:34:59.4424503+00:00	START	Twig.Cli.Tests.Rendering.WorkspaceTreeWidthTests.FlatFallback_StandardWidth_LongTitleTruncated
2026-07-31T00:34:59.4703935+00:00	END	Twig.Cli.Tests.Rendering.WorkspaceTreeWidthTests.FlatFallback_StandardWidth_LongTitleTruncated
2026-07-31T00:34:59.4705678+00:00	START	Twig.Cli.Tests.Rendering.WorkspaceTreeWidthTests.Tree_StandardWidth_RendersWithoutCrash
2026-07-31T00:34:59.4967783+00:00	END	Twig.Cli.Tests.Rendering.WorkspaceTreeWidthTests.Tree_StandardWidth_RendersWithoutCrash
2026-07-31T00:34:59.4969439+00:00	START	Twig.Cli.Tests.Rendering.WorkspaceTreeWidthTests.Tree_StandardWidth_Seeds_RenderedCorrectly
2026-07-31T00:34:59.5155865+00:00	END	Twig.Cli.Tests.Rendering.WorkspaceTreeWidthTests.Tree_StandardWidth_Seeds_RenderedCorrectly
2026-07-31T00:34:59.5157589+00:00	START	Twig.Cli.Tests.Rendering.WorkspaceTreeWidthTests.FormatLabel_NarrowTruncatesMore_ThanStandard
2026-07-31T00:34:59.5164878+00:00	END	Twig.Cli.Tests.Rendering.WorkspaceTreeWidthTests.FormatLabel_NarrowTruncatesMore_ThanStandard
2026-07-31T00:34:59.5165871+00:00	START	Twig.Cli.Tests.Rendering.WorkspaceTreeWidthTests.Tree_NarrowWidth_MultipleItems_AllIdsVisible
2026-07-31T00:34:59.5365834+00:00	END	Twig.Cli.Tests.Rendering.WorkspaceTreeWidthTests.Tree_NarrowWidth_MultipleItems_AllIdsVisible
2026-07-31T00:34:59.5367538+00:00	START	Twig.Cli.Tests.Rendering.WorkspaceTreeWidthTests.Tree_NarrowWidth_MultipleSections_ShowsSectionHeaders
2026-07-31T00:34:59.5595852+00:00	END	Twig.Cli.Tests.Rendering.WorkspaceTreeWidthTests.Tree_NarrowWidth_MultipleSections_ShowsSectionHeaders
2026-07-31T00:34:59.5597559+00:00	START	Twig.Cli.Tests.Rendering.WorkspaceTreeWidthTests.Tree_StandardWidth_LongTitleTruncated
2026-07-31T00:34:59.5605082+00:00	END	Twig.Cli.Tests.Rendering.WorkspaceTreeWidthTests.Tree_StandardWidth_LongTitleTruncated
2026-07-31T00:34:59.5606041+00:00	START	Twig.Cli.Tests.Rendering.WorkspaceTreeWidthTests.Tree_StandardWidth_ShortTitleFullyVisible
2026-07-31T00:34:59.5761607+00:00	END	Twig.Cli.Tests.Rendering.WorkspaceTreeWidthTests.Tree_StandardWidth_ShortTitleFullyVisible
2026-07-31T00:34:59.5763249+00:00	START	Twig.Cli.Tests.Rendering.WorkspaceTreeWidthTests.Tree_StandardWidth_VirtualGroup_RenderedCorrectly
2026-07-31T00:34:59.5922666+00:00	END	Twig.Cli.Tests.Rendering.WorkspaceTreeWidthTests.Tree_StandardWidth_VirtualGroup_RenderedCorrectly
2026-07-31T00:34:59.5924144+00:00	START	Twig.Cli.Tests.Rendering.WorkspaceTreeWidthTests.Tree_StandardWidth_ProgressFooter_ShowsDoneCount
2026-07-31T00:34:59.6083068+00:00	END	Twig.Cli.Tests.Rendering.WorkspaceTreeWidthTests.Tree_StandardWidth_ProgressFooter_ShowsDoneCount
2026-07-31T00:34:59.6084697+00:00	START	Twig.Cli.Tests.Rendering.WorkspaceTreeWidthTests.Tree_NarrowWidth_ShortTitleVisible
2026-07-31T00:34:59.6241475+00:00	END	Twig.Cli.Tests.Rendering.WorkspaceTreeWidthTests.Tree_NarrowWidth_ShortTitleVisible
2026-07-31T00:34:59.6243164+00:00	START	Twig.Cli.Tests.Rendering.WorkspaceTreeWidthTests.Tree_NarrowWidth_VirtualGroup_RenderedCorrectly
2026-07-31T00:34:59.6402776+00:00	END	Twig.Cli.Tests.Rendering.WorkspaceTreeWidthTests.Tree_NarrowWidth_VirtualGroup_RenderedCorrectly
2026-07-31T00:34:59.6404338+00:00	START	Twig.Cli.Tests.Rendering.WorkspaceTreeWidthTests.Tree_NarrowWidth_StaleSeed_ShowsMarker
2026-07-31T00:34:59.6554504+00:00	END	Twig.Cli.Tests.Rendering.WorkspaceTreeWidthTests.Tree_NarrowWidth_StaleSeed_ShowsMarker
2026-07-31T00:34:59.6556194+00:00	START	Twig.Cli.Tests.Rendering.WorkspaceTreeWidthTests.FlatFallback_NarrowWidth_ShortTitleNotTruncated
2026-07-31T00:34:59.6730927+00:00	END	Twig.Cli.Tests.Rendering.WorkspaceTreeWidthTests.FlatFallback_NarrowWidth_ShortTitleNotTruncated
2026-07-31T00:34:59.6732534+00:00	START	Twig.Cli.Tests.Rendering.WorkspaceTreeWidthTests.FlatFallback_WideWidth_LongTitleFits
2026-07-31T00:34:59.6915168+00:00	END	Twig.Cli.Tests.Rendering.WorkspaceTreeWidthTests.FlatFallback_WideWidth_LongTitleFits
2026-07-31T00:34:59.6916785+00:00	START	Twig.Cli.Tests.Rendering.WorkspaceTreeWidthTests.Tree_StandardWidth_AncestorAboveWorkingLevel_Dimmed
2026-07-31T00:34:59.6958019+00:00	END	Twig.Cli.Tests.Rendering.WorkspaceTreeWidthTests.Tree_StandardWidth_AncestorAboveWorkingLevel_Dimmed
2026-07-31T00:34:59.6959410+00:00	START	Twig.Cli.Tests.Rendering.WorkspaceTreeWidthTests.Tree_NarrowWidth_HierarchyPreserved
2026-07-31T00:34:59.7082829+00:00	END	Twig.Cli.Tests.Rendering.WorkspaceTreeWidthTests.Tree_NarrowWidth_HierarchyPreserved
2026-07-31T00:34:59.7084419+00:00	START	Twig.Cli.Tests.Rendering.WorkspaceTreeWidthTests.FormatLabel_NarrowWidth_DeeperDepth_ReducesBudget
2026-07-31T00:34:59.7125916+00:00	END	Twig.Cli.Tests.Rendering.WorkspaceTreeWidthTests.FormatLabel_NarrowWidth_DeeperDepth_ReducesBudget
2026-07-31T00:34:59.7126989+00:00	START	Twig.Cli.Tests.Rendering.WorkspaceTreeWidthTests.Tree_StandardWidth_HierarchyPreserved
2026-07-31T00:34:59.7300644+00:00	END	Twig.Cli.Tests.Rendering.WorkspaceTreeWidthTests.Tree_StandardWidth_HierarchyPreserved
2026-07-31T00:34:59.7302299+00:00	START	Twig.Cli.Tests.Rendering.WorkspaceTreeWidthTests.Tree_NarrowWidth_Seeds_RenderedCorrectly
2026-07-31T00:34:59.7529224+00:00	END	Twig.Cli.Tests.Rendering.WorkspaceTreeWidthTests.Tree_NarrowWidth_Seeds_RenderedCorrectly
2026-07-31T00:34:59.7530798+00:00	START	Twig.Cli.Tests.Rendering.WorkspaceTreeWidthTests.Tree_NarrowWidth_ProgressFooter_ShowsDoneCount
2026-07-31T00:34:59.7723183+00:00	END	Twig.Cli.Tests.Rendering.WorkspaceTreeWidthTests.Tree_NarrowWidth_ProgressFooter_ShowsDoneCount
2026-07-31T00:34:59.7724828+00:00	START	Twig.Cli.Tests.Rendering.WorkspaceTreeWidthTests.Tree_NarrowWidth_ActiveContext_ShowsMarker
2026-07-31T00:34:59.7876077+00:00	END	Twig.Cli.Tests.Rendering.WorkspaceTreeWidthTests.Tree_NarrowWidth_ActiveContext_ShowsMarker
2026-07-31T00:34:59.7877767+00:00	START	Twig.Cli.Tests.Rendering.WorkspaceTreeWidthTests.FlatFallback_NarrowVsStandard_NarrowTruncatesMore
2026-07-31T00:34:59.8122172+00:00	END	Twig.Cli.Tests.Rendering.WorkspaceTreeWidthTests.FlatFallback_NarrowVsStandard_NarrowTruncatesMore
2026-07-31T00:34:59.8123934+00:00	START	Twig.Cli.Tests.Rendering.WorkspaceTreeWidthTests.FormatLabel_StandardWidth_DeeperDepth_ReducesBudget
2026-07-31T00:34:59.8150485+00:00	END	Twig.Cli.Tests.Rendering.WorkspaceTreeWidthTests.FormatLabel_StandardWidth_DeeperDepth_ReducesBudget
2026-07-31T00:34:59.8151540+00:00	START	Twig.Cli.Tests.Rendering.WorkspaceTreeWidthTests.Tree_StandardWidth_MediumTitleFits
2026-07-31T00:34:59.8157848+00:00	END	Twig.Cli.Tests.Rendering.WorkspaceTreeWidthTests.Tree_StandardWidth_MediumTitleFits
2026-07-31T00:34:59.8158622+00:00	START	Twig.Cli.Tests.Rendering.WorkspaceTreeWidthTests.FlatFallback_NarrowWidth_LongTitleTruncated
2026-07-31T00:34:59.8285869+00:00	END	Twig.Cli.Tests.Rendering.WorkspaceTreeWidthTests.FlatFallback_NarrowWidth_LongTitleTruncated
2026-07-31T00:34:59.8287519+00:00	START	Twig.Cli.Tests.Rendering.WorkspaceTreeWidthTests.FlatFallback_StandardWidth_MediumTitleFits
2026-07-31T00:34:59.8443099+00:00	END	Twig.Cli.Tests.Rendering.WorkspaceTreeWidthTests.FlatFallback_StandardWidth_MediumTitleFits
2026-07-31T00:34:59.8444606+00:00	START	Twig.Cli.Tests.Rendering.WorkspaceTreeWidthTests.Tree_NarrowWidth_RendersWithoutCrash
2026-07-31T00:34:59.8605909+00:00	END	Twig.Cli.Tests.Rendering.WorkspaceTreeWidthTests.Tree_NarrowWidth_RendersWithoutCrash
2026-07-31T00:34:59.8607690+00:00	START	Twig.Cli.Tests.Rendering.WorkspaceTreeWidthTests.Tree_NarrowVsStandard_BothContainId
2026-07-31T00:34:59.8861980+00:00	END	Twig.Cli.Tests.Rendering.WorkspaceTreeWidthTests.Tree_NarrowVsStandard_BothContainId
2026-07-31T00:34:59.8863552+00:00	START	Twig.Cli.Tests.Rendering.WorkspaceTreeWidthTests.Tree_NarrowWidth_Seeds_LongTitle_IsTruncated
2026-07-31T00:34:59.9065878+00:00	END	Twig.Cli.Tests.Rendering.WorkspaceTreeWidthTests.Tree_NarrowWidth_Seeds_LongTitle_IsTruncated
2026-07-31T00:34:59.9067574+00:00	START	Twig.Cli.Tests.Rendering.WorkspaceTreeWidthTests.Tree_StandardWidth_MultipleItems_AllIdsVisible
2026-07-31T00:34:59.9223120+00:00	END	Twig.Cli.Tests.Rendering.WorkspaceTreeWidthTests.Tree_StandardWidth_MultipleItems_AllIdsVisible
2026-07-31T00:34:59.9224621+00:00	START	Twig.Cli.Tests.Rendering.WorkspaceTreeWidthTests.Tree_WideWidth_Seeds_ShortTitle_NotTruncated
2026-07-31T00:34:59.9376254+00:00	END	Twig.Cli.Tests.Rendering.WorkspaceTreeWidthTests.Tree_WideWidth_Seeds_ShortTitle_NotTruncated
2026-07-31T00:34:59.9377993+00:00	START	Twig.Cli.Tests.Rendering.WorkspaceTreeWidthTests.Tree_NarrowWidth_LongTitleTruncated
2026-07-31T00:34:59.9386041+00:00	END	Twig.Cli.Tests.Rendering.WorkspaceTreeWidthTests.Tree_NarrowWidth_LongTitleTruncated
2026-07-31T00:34:59.9386976+00:00	START	Twig.Cli.Tests.Rendering.WorkspaceTreeWidthTests.Tree_NarrowWidth_AncestorAboveWorkingLevel_Dimmed
2026-07-31T00:34:59.9393519+00:00	END	Twig.Cli.Tests.Rendering.WorkspaceTreeWidthTests.Tree_NarrowWidth_AncestorAboveWorkingLevel_Dimmed
2026-07-31T00:34:59.9394304+00:00	START	Twig.Cli.Tests.Rendering.WorkspaceTreeWidthTests.Tree_StandardWidth_DepthLimiting_HidesDeepItems
2026-07-31T00:34:59.9613357+00:00	END	Twig.Cli.Tests.Rendering.WorkspaceTreeWidthTests.Tree_StandardWidth_DepthLimiting_HidesDeepItems
2026-07-31T00:34:59.9615075+00:00	START	Twig.Cli.Tests.Rendering.WorkspaceTreeWidthTests.Tree_StandardWidth_StaleSeed_ShowsMarker
2026-07-31T00:34:59.9826556+00:00	END	Twig.Cli.Tests.Rendering.WorkspaceTreeWidthTests.Tree_StandardWidth_StaleSeed_ShowsMarker
2026-07-31T00:34:59.9828323+00:00	START	Twig.Cli.Tests.Rendering.WorkspaceTreeWidthTests.Tree_StandardWidth_ActiveContext_ShowsMarker
2026-07-31T00:34:59.9985877+00:00	END	Twig.Cli.Tests.Rendering.WorkspaceTreeWidthTests.Tree_StandardWidth_ActiveContext_ShowsMarker
2026-07-31T00:34:59.9987447+00:00	START	Twig.Cli.Tests.Rendering.WorkspaceTreeWidthTests.Tree_NarrowWidth_DepthLimiting_HidesDeepItems
2026-07-31T00:35:00.0146350+00:00	END	Twig.Cli.Tests.Rendering.WorkspaceTreeWidthTests.Tree_NarrowWidth_DepthLimiting_HidesDeepItems
2026-07-31T00:35:00.0154556+00:00	START	Twig.Cli.Tests.Rendering.AreaViewWidthTests.Hierarchy_NarrowWidth_FiltersDisplayed
2026-07-31T00:35:00.0211398+00:00	END	Twig.Cli.Tests.Rendering.AreaViewWidthTests.Hierarchy_NarrowWidth_FiltersDisplayed
2026-07-31T00:35:00.0212774+00:00	START	Twig.Cli.Tests.Rendering.AreaViewWidthTests.Hierarchy_StandardWidth_OutOfAreaParentPresent
2026-07-31T00:35:00.0261348+00:00	END	Twig.Cli.Tests.Rendering.AreaViewWidthTests.Hierarchy_StandardWidth_OutOfAreaParentPresent
2026-07-31T00:35:00.0262555+00:00	START	Twig.Cli.Tests.Rendering.AreaViewWidthTests.FlatTable_WideWidth_LongTitleFits
2026-07-31T00:35:00.0309024+00:00	END	Twig.Cli.Tests.Rendering.AreaViewWidthTests.FlatTable_WideWidth_LongTitleFits
2026-07-31T00:35:00.0310444+00:00	START	Twig.Cli.Tests.Rendering.AreaViewWidthTests.FlatTable_StandardWidth_ShortTitleFullyVisible
2026-07-31T00:35:00.0321160+00:00	END	Twig.Cli.Tests.Rendering.AreaViewWidthTests.FlatTable_StandardWidth_ShortTitleFullyVisible
2026-07-31T00:35:00.0322071+00:00	START	Twig.Cli.Tests.Rendering.AreaViewWidthTests.Hierarchy_StandardWidth_ShortTitleFullyVisible
2026-07-31T00:35:00.0361832+00:00	END	Twig.Cli.Tests.Rendering.AreaViewWidthTests.Hierarchy_StandardWidth_ShortTitleFullyVisible
2026-07-31T00:35:00.0363264+00:00	START	Twig.Cli.Tests.Rendering.AreaViewWidthTests.FormatAreaNode_NarrowWidth_DirtyInAreaItem_ShowsMarker
2026-07-31T00:35:00.0368465+00:00	END	Twig.Cli.Tests.Rendering.AreaViewWidthTests.FormatAreaNode_NarrowWidth_DirtyInAreaItem_ShowsMarker
2026-07-31T00:35:00.0370353+00:00	START	Twig.Cli.Tests.Rendering.AreaViewWidthTests.Hierarchy_NarrowWidth_OutOfAreaParentPresent
2026-07-31T00:35:00.0380081+00:00	END	Twig.Cli.Tests.Rendering.AreaViewWidthTests.Hierarchy_NarrowWidth_OutOfAreaParentPresent
2026-07-31T00:35:00.0380823+00:00	START	Twig.Cli.Tests.Rendering.AreaViewWidthTests.FormatAreaNode_StandardWidth_LongTitle_Truncated
2026-07-31T00:35:00.0385533+00:00	END	Twig.Cli.Tests.Rendering.AreaViewWidthTests.FormatAreaNode_StandardWidth_LongTitle_Truncated
2026-07-31T00:35:00.0386357+00:00	START	Twig.Cli.Tests.Rendering.AreaViewWidthTests.Hierarchy_StandardWidth_LongTitleTruncated
2026-07-31T00:35:00.0413091+00:00	END	Twig.Cli.Tests.Rendering.AreaViewWidthTests.Hierarchy_StandardWidth_LongTitleTruncated
2026-07-31T00:35:00.0414058+00:00	START	Twig.Cli.Tests.Rendering.AreaViewWidthTests.Hierarchy_NarrowWidth_LongTitleTruncated
2026-07-31T00:35:00.0425802+00:00	END	Twig.Cli.Tests.Rendering.AreaViewWidthTests.Hierarchy_NarrowWidth_LongTitleTruncated
2026-07-31T00:35:00.0426688+00:00	START	Twig.Cli.Tests.Rendering.AreaViewWidthTests.Hierarchy_StandardWidth_RendersWithoutCrash
2026-07-31T00:35:00.0436267+00:00	END	Twig.Cli.Tests.Rendering.AreaViewWidthTests.Hierarchy_StandardWidth_RendersWithoutCrash
2026-07-31T00:35:00.0437020+00:00	START	Twig.Cli.Tests.Rendering.AreaViewWidthTests.FormatAreaNode_NarrowTruncatesMore_ThanStandard
2026-07-31T00:35:00.0443859+00:00	END	Twig.Cli.Tests.Rendering.AreaViewWidthTests.FormatAreaNode_NarrowTruncatesMore_ThanStandard
2026-07-31T00:35:00.0444605+00:00	START	Twig.Cli.Tests.Rendering.AreaViewWidthTests.Hierarchy_NarrowWidth_LongOutOfAreaParentTruncated
2026-07-31T00:35:00.0453823+00:00	END	Twig.Cli.Tests.Rendering.AreaViewWidthTests.Hierarchy_NarrowWidth_LongOutOfAreaParentTruncated
2026-07-31T00:35:00.0454556+00:00	START	Twig.Cli.Tests.Rendering.AreaViewWidthTests.FlatTable_NarrowWidth_MultipleItems_AllIdsVisible
2026-07-31T00:35:00.0474017+00:00	END	Twig.Cli.Tests.Rendering.AreaViewWidthTests.FlatTable_NarrowWidth_MultipleItems_AllIdsVisible
2026-07-31T00:35:00.0474763+00:00	START	Twig.Cli.Tests.Rendering.AreaViewWidthTests.FlatTable_StandardWidth_MediumTitleFits
2026-07-31T00:35:00.0484202+00:00	END	Twig.Cli.Tests.Rendering.AreaViewWidthTests.FlatTable_StandardWidth_MediumTitleFits
2026-07-31T00:35:00.0484979+00:00	START	Twig.Cli.Tests.Rendering.AreaViewWidthTests.Hierarchy_NarrowWidth_MultipleItems_AllIdsVisible
2026-07-31T00:35:00.0500332+00:00	END	Twig.Cli.Tests.Rendering.AreaViewWidthTests.Hierarchy_NarrowWidth_MultipleItems_AllIdsVisible
2026-07-31T00:35:00.0501075+00:00	START	Twig.Cli.Tests.Rendering.AreaViewWidthTests.Hierarchy_NarrowWidth_ShortTitleVisible
2026-07-31T00:35:00.0515541+00:00	END	Twig.Cli.Tests.Rendering.AreaViewWidthTests.Hierarchy_NarrowWidth_ShortTitleVisible
2026-07-31T00:35:00.0516376+00:00	START	Twig.Cli.Tests.Rendering.AreaViewWidthTests.FormatAreaNode_StandardWidth_MediumTitle_NotTruncated
2026-07-31T00:35:00.0520532+00:00	END	Twig.Cli.Tests.Rendering.AreaViewWidthTests.FormatAreaNode_StandardWidth_MediumTitle_NotTruncated
2026-07-31T00:35:00.0521242+00:00	START	Twig.Cli.Tests.Rendering.AreaViewWidthTests.Hierarchy_StandardWidth_MediumTitleFits
2026-07-31T00:35:00.0531393+00:00	END	Twig.Cli.Tests.Rendering.AreaViewWidthTests.Hierarchy_StandardWidth_MediumTitleFits
2026-07-31T00:35:00.0532118+00:00	START	Twig.Cli.Tests.Rendering.AreaViewWidthTests.FormatAreaNode_NarrowWidth_OutOfAreaLongTitle_Truncated
2026-07-31T00:35:00.0536042+00:00	END	Twig.Cli.Tests.Rendering.AreaViewWidthTests.FormatAreaNode_NarrowWidth_OutOfAreaLongTitle_Truncated
2026-07-31T00:35:00.0536749+00:00	START	Twig.Cli.Tests.Rendering.AreaViewWidthTests.Hierarchy_NarrowWidth_EmptyView_ShowsMessage
2026-07-31T00:35:00.0545212+00:00	END	Twig.Cli.Tests.Rendering.AreaViewWidthTests.Hierarchy_NarrowWidth_EmptyView_ShowsMessage
2026-07-31T00:35:00.0545992+00:00	START	Twig.Cli.Tests.Rendering.AreaViewWidthTests.FlatTable_NarrowWidth_RendersWithoutCrash
2026-07-31T00:35:00.0555119+00:00	END	Twig.Cli.Tests.Rendering.AreaViewWidthTests.FlatTable_NarrowWidth_RendersWithoutCrash
2026-07-31T00:35:00.0571295+00:00	START	Twig.Cli.Tests.Rendering.AreaViewWidthTests.FormatAreaNode_NarrowWidth_DirtyOutOfArea_NoDirtyMarker
2026-07-31T00:35:00.0575247+00:00	END	Twig.Cli.Tests.Rendering.AreaViewWidthTests.FormatAreaNode_NarrowWidth_DirtyOutOfArea_NoDirtyMarker
2026-07-31T00:35:00.0576040+00:00	START	Twig.Cli.Tests.Rendering.AreaViewWidthTests.Hierarchy_NarrowVsStandard_BothContainId
2026-07-31T00:35:00.0591245+00:00	END	Twig.Cli.Tests.Rendering.AreaViewWidthTests.Hierarchy_NarrowVsStandard_BothContainId
2026-07-31T00:35:00.0591968+00:00	START	Twig.Cli.Tests.Rendering.AreaViewWidthTests.FormatAreaNode_StandardWidth_DeeperDepth_ReducesBudget
2026-07-31T00:35:00.0596147+00:00	END	Twig.Cli.Tests.Rendering.AreaViewWidthTests.FormatAreaNode_StandardWidth_DeeperDepth_ReducesBudget
2026-07-31T00:35:00.0596861+00:00	START	Twig.Cli.Tests.Rendering.AreaViewWidthTests.FlatTable_StandardWidth_LongTitleTruncated
2026-07-31T00:35:00.0611842+00:00	END	Twig.Cli.Tests.Rendering.AreaViewWidthTests.FlatTable_StandardWidth_LongTitleTruncated
2026-07-31T00:35:00.0612571+00:00	START	Twig.Cli.Tests.Rendering.AreaViewWidthTests.FlatTable_NarrowWidth_LongTitleTruncated
2026-07-31T00:35:00.0621627+00:00	END	Twig.Cli.Tests.Rendering.AreaViewWidthTests.FlatTable_NarrowWidth_LongTitleTruncated
2026-07-31T00:35:00.0622376+00:00	START	Twig.Cli.Tests.Rendering.AreaViewWidthTests.FlatTable_NarrowWidth_ShortTitleVisible
2026-07-31T00:35:00.0631369+00:00	END	Twig.Cli.Tests.Rendering.AreaViewWidthTests.FlatTable_NarrowWidth_ShortTitleVisible
2026-07-31T00:35:00.0632085+00:00	START	Twig.Cli.Tests.Rendering.AreaViewWidthTests.FormatAreaNode_NarrowWidth_ShortTitle_NotTruncated
2026-07-31T00:35:00.0636067+00:00	END	Twig.Cli.Tests.Rendering.AreaViewWidthTests.FormatAreaNode_NarrowWidth_ShortTitle_NotTruncated
2026-07-31T00:35:00.0636765+00:00	START	Twig.Cli.Tests.Rendering.AreaViewWidthTests.FormatAreaNode_NarrowWidth_DeeperDepth_ReducesBudget
2026-07-31T00:35:00.0640876+00:00	END	Twig.Cli.Tests.Rendering.AreaViewWidthTests.FormatAreaNode_NarrowWidth_DeeperDepth_ReducesBudget
2026-07-31T00:35:00.0641574+00:00	START	Twig.Cli.Tests.Rendering.AreaViewWidthTests.Hierarchy_NarrowWidth_RendersWithoutCrash
2026-07-31T00:35:00.0668255+00:00	END	Twig.Cli.Tests.Rendering.AreaViewWidthTests.Hierarchy_NarrowWidth_RendersWithoutCrash
2026-07-31T00:35:00.0669064+00:00	START	Twig.Cli.Tests.Rendering.AreaViewWidthTests.FlatTable_NarrowVsStandard_NarrowTruncatesMore
2026-07-31T00:35:00.0683763+00:00	END	Twig.Cli.Tests.Rendering.AreaViewWidthTests.FlatTable_NarrowVsStandard_NarrowTruncatesMore
2026-07-31T00:35:00.0684512+00:00	START	Twig.Cli.Tests.Rendering.AreaViewWidthTests.FormatAreaNode_NarrowWidth_InAreaLongTitle_Truncated
2026-07-31T00:35:00.0688685+00:00	END	Twig.Cli.Tests.Rendering.AreaViewWidthTests.FormatAreaNode_NarrowWidth_InAreaLongTitle_Truncated
2026-07-31T00:35:00.0697596+00:00	START	Twig.Cli.Tests.Commands.QueryCommandTests.ExecuteAsync_ChangedSince_ProducesCorrectDaysInWiql
2026-07-31T00:35:00.0806024+00:00	END	Twig.Cli.Tests.Commands.QueryCommandTests.ExecuteAsync_ChangedSince_ProducesCorrectDaysInWiql
2026-07-31T00:35:00.0812497+00:00	START	Twig.Cli.Tests.Commands.QueryCommandTests.ExecuteAsync_ChangedSince_ProducesCorrectDaysInWiql
2026-07-31T00:35:00.0834940+00:00	END	Twig.Cli.Tests.Commands.QueryCommandTests.ExecuteAsync_ChangedSince_ProducesCorrectDaysInWiql
2026-07-31T00:35:00.0836718+00:00	START	Twig.Cli.Tests.Commands.QueryCommandTests.ExecuteAsync_InvalidChangedSince_ReturnsExitCode1
2026-07-31T00:35:00.0846394+00:00	END	Twig.Cli.Tests.Commands.QueryCommandTests.ExecuteAsync_InvalidChangedSince_ReturnsExitCode1
2026-07-31T00:35:00.0847705+00:00	START	Twig.Cli.Tests.Commands.QueryCommandTests.ExecuteAsync_InvalidChangedSince_ReturnsExitCode1
2026-07-31T00:35:00.0850668+00:00	END	Twig.Cli.Tests.Commands.QueryCommandTests.ExecuteAsync_InvalidChangedSince_ReturnsExitCode1
2026-07-31T00:35:00.0851840+00:00	START	Twig.Cli.Tests.Commands.QueryCommandTests.ExecuteAsync_InvalidChangedSince_ReturnsExitCode1
2026-07-31T00:35:00.0868129+00:00	END	Twig.Cli.Tests.Commands.QueryCommandTests.ExecuteAsync_InvalidChangedSince_ReturnsExitCode1
2026-07-31T00:35:00.0869332+00:00	START	Twig.Cli.Tests.Commands.QueryCommandTests.ExecuteAsync_InvalidChangedSince_ReturnsExitCode1
2026-07-31T00:35:00.0870770+00:00	END	Twig.Cli.Tests.Commands.QueryCommandTests.ExecuteAsync_InvalidChangedSince_ReturnsExitCode1
2026-07-31T00:35:00.0871912+00:00	START	Twig.Cli.Tests.Commands.QueryCommandTests.ExecuteAsync_InvalidChangedSince_ReturnsExitCode1
2026-07-31T00:35:00.0873270+00:00	END	Twig.Cli.Tests.Commands.QueryCommandTests.ExecuteAsync_InvalidChangedSince_ReturnsExitCode1
2026-07-31T00:35:00.0874507+00:00	START	Twig.Cli.Tests.Commands.QueryCommandTests.ExecuteAsync_NoFilters_JsonVariants_ShowSummaryText
2026-07-31T00:35:00.0901704+00:00	END	Twig.Cli.Tests.Commands.QueryCommandTests.ExecuteAsync_NoFilters_JsonVariants_ShowSummaryText
2026-07-31T00:35:00.0903544+00:00	START	Twig.Cli.Tests.Commands.QueryCommandTests.ExecuteAsync_NoFilters_JsonVariants_ShowSummaryText
2026-07-31T00:35:00.0907294+00:00	END	Twig.Cli.Tests.Commands.QueryCommandTests.ExecuteAsync_NoFilters_JsonVariants_ShowSummaryText
2026-07-31T00:35:00.0908761+00:00	START	Twig.Cli.Tests.Commands.QueryCommandTests.ExecuteAsync_NoFilters_JsonVariants_ShowSummaryText
2026-07-31T00:35:00.0909685+00:00	END	Twig.Cli.Tests.Commands.QueryCommandTests.ExecuteAsync_NoFilters_JsonVariants_ShowSummaryText
2026-07-31T00:35:00.0911122+00:00	START	Twig.Cli.Tests.Commands.QueryCommandTests.ExecuteAsync_TopParameter_PassedToAdoService
2026-07-31T00:35:00.0925931+00:00	END	Twig.Cli.Tests.Commands.QueryCommandTests.ExecuteAsync_TopParameter_PassedToAdoService
2026-07-31T00:35:00.0927362+00:00	START	Twig.Cli.Tests.Commands.QueryCommandTests.ExecuteAsync_TopParameter_PassedToAdoService
2026-07-31T00:35:00.0954962+00:00	END	Twig.Cli.Tests.Commands.QueryCommandTests.ExecuteAsync_TopParameter_PassedToAdoService
2026-07-31T00:35:00.0956768+00:00	START	Twig.Cli.Tests.Commands.QueryCommandTests.ExecuteAsync_TopParameter_PassedToAdoService
2026-07-31T00:35:00.0962721+00:00	END	Twig.Cli.Tests.Commands.QueryCommandTests.ExecuteAsync_TopParameter_PassedToAdoService
2026-07-31T00:35:00.0964156+00:00	START	Twig.Cli.Tests.Commands.QueryCommandTests.ExecuteAsync_TopParameter_PassedToAdoService
2026-07-31T00:35:00.0975882+00:00	END	Twig.Cli.Tests.Commands.QueryCommandTests.ExecuteAsync_TopParameter_PassedToAdoService
2026-07-31T00:35:00.0977436+00:00	START	Twig.Cli.Tests.Commands.QueryCommandTests.ExecuteAsync_DefaultAreaPathFromConfig_AppliedWhenNoFlag
2026-07-31T00:35:00.1000570+00:00	END	Twig.Cli.Tests.Commands.QueryCommandTests.ExecuteAsync_DefaultAreaPathFromConfig_AppliedWhenNoFlag
2026-07-31T00:35:00.1002288+00:00	START	Twig.Cli.Tests.Commands.QueryCommandTests.ExecuteAsync_DescriptionFilter_GeneratesDescriptionContainsClause
2026-07-31T00:35:00.1029821+00:00	END	Twig.Cli.Tests.Commands.QueryCommandTests.ExecuteAsync_DescriptionFilter_GeneratesDescriptionContainsClause
2026-07-31T00:35:00.1031642+00:00	START	Twig.Cli.Tests.Commands.QueryCommandTests.ExecuteAsync_DefaultSingleAreaPath_AppliedAsUnder
2026-07-31T00:35:00.1053215+00:00	END	Twig.Cli.Tests.Commands.QueryCommandTests.ExecuteAsync_DefaultSingleAreaPath_AppliedAsUnder
2026-07-31T00:35:00.1054887+00:00	START	Twig.Cli.Tests.Commands.QueryCommandTests.ExecuteAsync_DefaultOrder_ChangedDateDesc
2026-07-31T00:35:00.1074559+00:00	END	Twig.Cli.Tests.Commands.QueryCommandTests.ExecuteAsync_DefaultOrder_ChangedDateDesc
2026-07-31T00:35:00.1076266+00:00	START	Twig.Cli.Tests.Commands.QueryCommandTests.ExecuteAsync_WithChangedSince7d_GeneratesAtTodayMinus7InWiql
2026-07-31T00:35:00.1097497+00:00	END	Twig.Cli.Tests.Commands.QueryCommandTests.ExecuteAsync_WithChangedSince7d_GeneratesAtTodayMinus7InWiql
2026-07-31T00:35:00.1099049+00:00	START	Twig.Cli.Tests.Commands.QueryCommandTests.ExecuteAsync_InvalidDuration_TelemetryEmittedWithExitCode1
2026-07-31T00:35:00.1114046+00:00	END	Twig.Cli.Tests.Commands.QueryCommandTests.ExecuteAsync_InvalidDuration_TelemetryEmittedWithExitCode1
2026-07-31T00:35:00.1115682+00:00	START	Twig.Cli.Tests.Commands.QueryCommandTests.ExecuteAsync_TruncationHeuristic_IndicatedWhenCountEqualsTop
2026-07-31T00:35:00.1196070+00:00	END	Twig.Cli.Tests.Commands.QueryCommandTests.ExecuteAsync_TruncationHeuristic_IndicatedWhenCountEqualsTop
2026-07-31T00:35:00.1198117+00:00	START	Twig.Cli.Tests.Commands.QueryCommandTests.ExecuteAsync_NoFilters_ShowsConfiguredAreaPaths
2026-07-31T00:35:00.1212465+00:00	END	Twig.Cli.Tests.Commands.QueryCommandTests.ExecuteAsync_NoFilters_ShowsConfiguredAreaPaths
2026-07-31T00:35:00.1214019+00:00	START	Twig.Cli.Tests.Commands.QueryCommandTests.ExecuteAsync_NoFilters_ShowsNoneWhenNoAreaPathsConfigured
2026-07-31T00:35:00.1222960+00:00	END	Twig.Cli.Tests.Commands.QueryCommandTests.ExecuteAsync_NoFilters_ShowsNoneWhenNoAreaPathsConfigured
2026-07-31T00:35:00.1224429+00:00	START	Twig.Cli.Tests.Commands.QueryCommandTests.ExecuteAsync_ExplicitAreaPath_OverridesDefaults
2026-07-31T00:35:00.1252403+00:00	END	Twig.Cli.Tests.Commands.QueryCommandTests.ExecuteAsync_ExplicitAreaPath_OverridesDefaults
2026-07-31T00:35:00.1254016+00:00	START	Twig.Cli.Tests.Commands.QueryCommandTests.ExecuteAsync_WithZeroResults_ReturnsExitCode0WithNoItemsFoundMessage
2026-07-31T00:35:00.1273382+00:00	END	Twig.Cli.Tests.Commands.QueryCommandTests.ExecuteAsync_WithZeroResults_ReturnsExitCode0WithNoItemsFoundMessage
2026-07-31T00:35:00.1274913+00:00	START	Twig.Cli.Tests.Commands.QueryCommandTests.ExecuteAsync_JsonOutput_ProducesValidJson
2026-07-31T00:35:00.1293960+00:00	END	Twig.Cli.Tests.Commands.QueryCommandTests.ExecuteAsync_JsonOutput_ProducesValidJson
2026-07-31T00:35:00.1295442+00:00	START	Twig.Cli.Tests.Commands.QueryCommandTests.ExecuteAsync_NoFilters_SummaryIncludesAllOutputFormatNames
2026-07-31T00:35:00.1306532+00:00	END	Twig.Cli.Tests.Commands.QueryCommandTests.ExecuteAsync_NoFilters_SummaryIncludesAllOutputFormatNames
2026-07-31T00:35:00.1308025+00:00	START	Twig.Cli.Tests.Commands.QueryCommandTests.ExecuteAsync_DescriptionAlone_TreatedAsFilter_DoesNotShowSummary
2026-07-31T00:35:00.1320794+00:00	END	Twig.Cli.Tests.Commands.QueryCommandTests.ExecuteAsync_DescriptionAlone_TreatedAsFilter_DoesNotShowSummary
2026-07-31T00:35:00.1322451+00:00	START	Twig.Cli.Tests.Commands.QueryCommandTests.ExecuteAsync_TitleAndDescription_GeneratesBothClauses
2026-07-31T00:35:00.1348643+00:00	END	Twig.Cli.Tests.Commands.QueryCommandTests.ExecuteAsync_TitleAndDescription_GeneratesBothClauses
2026-07-31T00:35:00.1350549+00:00	START	Twig.Cli.Tests.Commands.QueryCommandTests.ExecuteAsync_NoFilters_ShowsSummaryInsteadOfQuery
2026-07-31T00:35:00.1362618+00:00	END	Twig.Cli.Tests.Commands.QueryCommandTests.ExecuteAsync_NoFilters_ShowsSummaryInsteadOfQuery
2026-07-31T00:35:00.1364073+00:00	START	Twig.Cli.Tests.Commands.QueryCommandTests.ExecuteAsync_Telemetry_EmittedWithCorrectProperties
2026-07-31T00:35:00.1414223+00:00	END	Twig.Cli.Tests.Commands.QueryCommandTests.ExecuteAsync_Telemetry_EmittedWithCorrectProperties
2026-07-31T00:35:00.1419996+00:00	START	Twig.Cli.Tests.Commands.QueryCommandTests.ExecuteAsync_TitleAlone_TreatedAsFilter_DoesNotShowSummary
2026-07-31T00:35:00.1434702+00:00	END	Twig.Cli.Tests.Commands.QueryCommandTests.ExecuteAsync_TitleAlone_TreatedAsFilter_DoesNotShowSummary
2026-07-31T00:35:00.1436405+00:00	START	Twig.Cli.Tests.Commands.QueryCommandTests.ExecuteAsync_InvalidCreatedSince_ReturnsExitCode1
2026-07-31T00:35:00.1445943+00:00	END	Twig.Cli.Tests.Commands.QueryCommandTests.ExecuteAsync_InvalidCreatedSince_ReturnsExitCode1
2026-07-31T00:35:00.1447350+00:00	START	Twig.Cli.Tests.Commands.QueryCommandTests.ExecuteAsync_InvalidCreatedSince_ReturnsExitCode1
2026-07-31T00:35:00.1450980+00:00	END	Twig.Cli.Tests.Commands.QueryCommandTests.ExecuteAsync_InvalidCreatedSince_ReturnsExitCode1
2026-07-31T00:35:00.1452580+00:00	START	Twig.Cli.Tests.Commands.QueryCommandTests.ExecuteAsync_SearchText_JsonDescriptionSaysTitleOrDescription
2026-07-31T00:35:00.1471339+00:00	END	Twig.Cli.Tests.Commands.QueryCommandTests.ExecuteAsync_SearchText_JsonDescriptionSaysTitleOrDescription
2026-07-31T00:35:00.1472926+00:00	START	Twig.Cli.Tests.Commands.QueryCommandTests.ExecuteAsync_NoFilters_OutputIds_ProducesEmptyOutput
2026-07-31T00:35:00.1481167+00:00	END	Twig.Cli.Tests.Commands.QueryCommandTests.ExecuteAsync_NoFilters_OutputIds_ProducesEmptyOutput
2026-07-31T00:35:00.1482621+00:00	START	Twig.Cli.Tests.Commands.QueryCommandTests.ExecuteAsync_CombinedFilters_AllClausesPresent
2026-07-31T00:35:00.1511120+00:00	END	Twig.Cli.Tests.Commands.QueryCommandTests.ExecuteAsync_CombinedFilters_AllClausesPresent
2026-07-31T00:35:00.1512730+00:00	START	Twig.Cli.Tests.Commands.QueryCommandTests.ExecuteAsync_WithResults_CachesExactFetchedItemsViaSaveBatchAsync
2026-07-31T00:35:00.1548580+00:00	END	Twig.Cli.Tests.Commands.QueryCommandTests.ExecuteAsync_WithResults_CachesExactFetchedItemsViaSaveBatchAsync
2026-07-31T00:35:00.1550521+00:00	START	Twig.Cli.Tests.Commands.QueryCommandTests.ExecuteAsync_CreatedSince_ProducesCorrectDaysInWiql
2026-07-31T00:35:00.1582701+00:00	END	Twig.Cli.Tests.Commands.QueryCommandTests.ExecuteAsync_CreatedSince_ProducesCorrectDaysInWiql
2026-07-31T00:35:00.1584429+00:00	START	Twig.Cli.Tests.Commands.QueryCommandTests.ExecuteAsync_CreatedSince_ProducesCorrectDaysInWiql
2026-07-31T00:35:00.1598146+00:00	END	Twig.Cli.Tests.Commands.QueryCommandTests.ExecuteAsync_CreatedSince_ProducesCorrectDaysInWiql
2026-07-31T00:35:00.1599742+00:00	START	Twig.Cli.Tests.Commands.QueryCommandTests.ExecuteAsync_CreatedSince_ProducesCorrectDaysInWiql
2026-07-31T00:35:00.1619114+00:00	END	Twig.Cli.Tests.Commands.QueryCommandTests.ExecuteAsync_CreatedSince_ProducesCorrectDaysInWiql
2026-07-31T00:35:00.1620697+00:00	START	Twig.Cli.Tests.Commands.QueryCommandTests.ExecuteAsync_IdsOutputZeroResults_NoOutput
2026-07-31T00:35:00.1631656+00:00	END	Twig.Cli.Tests.Commands.QueryCommandTests.ExecuteAsync_IdsOutputZeroResults_NoOutput
2026-07-31T00:35:00.1633154+00:00	START	Twig.Cli.Tests.Commands.QueryCommandTests.ExecuteAsync_TopAlone_ShowsSummary_DoesNotCallAdo
2026-07-31T00:35:00.1643817+00:00	END	Twig.Cli.Tests.Commands.QueryCommandTests.ExecuteAsync_TopAlone_ShowsSummary_DoesNotCallAdo
2026-07-31T00:35:00.1645282+00:00	START	Twig.Cli.Tests.Commands.QueryCommandTests.ExecuteAsync_NoFilters_SummaryIncludesAllFilterFlags
2026-07-31T00:35:00.1654379+00:00	END	Twig.Cli.Tests.Commands.QueryCommandTests.ExecuteAsync_NoFilters_SummaryIncludesAllFilterFlags
2026-07-31T00:35:00.1664503+00:00	START	Twig.Cli.Tests.Commands.QueryCommandTests.ExecuteAsync_TitleFilter_GeneratesTitleContainsClause
2026-07-31T00:35:00.1684620+00:00	END	Twig.Cli.Tests.Commands.QueryCommandTests.ExecuteAsync_TitleFilter_GeneratesTitleContainsClause
2026-07-31T00:35:00.1687722+00:00	START	Twig.Cli.Tests.Commands.QueryCommandTests.ExecuteAsync_IdsOutput_SkipsFormatterAndHintEngine
2026-07-31T00:35:00.1723080+00:00	END	Twig.Cli.Tests.Commands.QueryCommandTests.ExecuteAsync_IdsOutput_SkipsFormatterAndHintEngine
2026-07-31T00:35:00.1724810+00:00	START	Twig.Cli.Tests.Commands.QueryCommandTests.ExecuteAsync_DescriptionFilter_JsonDescriptionSaysDescriptionContains
2026-07-31T00:35:00.1737022+00:00	END	Twig.Cli.Tests.Commands.QueryCommandTests.ExecuteAsync_DescriptionFilter_JsonDescriptionSaysDescriptionContains
2026-07-31T00:35:00.1738610+00:00	START	Twig.Cli.Tests.Commands.QueryCommandTests.ExecuteAsync_TitleFilter_JsonDescriptionSaysTitleContains
2026-07-31T00:35:00.1781222+00:00	END	Twig.Cli.Tests.Commands.QueryCommandTests.ExecuteAsync_TitleFilter_JsonDescriptionSaysTitleContains
2026-07-31T00:35:00.1783234+00:00	START	Twig.Cli.Tests.Commands.QueryCommandTests.ExecuteAsync_IdsOutput_PrintsOneIdPerLine
2026-07-31T00:35:00.1811726+00:00	END	Twig.Cli.Tests.Commands.QueryCommandTests.ExecuteAsync_IdsOutput_PrintsOneIdPerLine
2026-07-31T00:35:00.1813461+00:00	START	Twig.Cli.Tests.Commands.QueryCommandTests.ExecuteAsync_SearchTextAndTitleAndDescription_AllPresent
2026-07-31T00:35:00.1844380+00:00	END	Twig.Cli.Tests.Commands.QueryCommandTests.ExecuteAsync_SearchTextAndTitleAndDescription_AllPresent
2026-07-31T00:35:00.1846207+00:00	START	Twig.Cli.Tests.Commands.QueryCommandTests.ExecuteAsync_NoFilters_OutputMinimal_ProducesNoOutput
2026-07-31T00:35:00.1854681+00:00	END	Twig.Cli.Tests.Commands.QueryCommandTests.ExecuteAsync_NoFilters_OutputMinimal_ProducesNoOutput
2026-07-31T00:35:00.1860119+00:00	START	Twig.Cli.Tests.Commands.QueryCommandTests.ExecuteAsync_DefaultAreaPathList_AppliedAsUnder
2026-07-31T00:35:00.1880712+00:00	END	Twig.Cli.Tests.Commands.QueryCommandTests.ExecuteAsync_DefaultAreaPathList_AppliedAsUnder
2026-07-31T00:35:00.1882241+00:00	START	Twig.Cli.Tests.Commands.QueryCommandTests.ExecuteAsync_WithMultipleFilters_GeneratesAndJoinedClauses
2026-07-31T00:35:00.1905431+00:00	END	Twig.Cli.Tests.Commands.QueryCommandTests.ExecuteAsync_WithMultipleFilters_GeneratesAndJoinedClauses
2026-07-31T00:35:00.1907020+00:00	START	Twig.Cli.Tests.Commands.QueryCommandTests.ExecuteAsync_DefaultTop_Is25
2026-07-31T00:35:00.1922982+00:00	END	Twig.Cli.Tests.Commands.QueryCommandTests.ExecuteAsync_DefaultTop_Is25
2026-07-31T00:35:00.1924470+00:00	START	Twig.Cli.Tests.Commands.QueryCommandTests.ExecuteAsync_KeywordSearch_CallsQueryWithContainsInWiql
2026-07-31T00:35:00.1952063+00:00	END	Twig.Cli.Tests.Commands.QueryCommandTests.ExecuteAsync_KeywordSearch_CallsQueryWithContainsInWiql
2026-07-31T00:35:00.1960816+00:00	START	Twig.Cli.Tests.Formatters.FormatterHelpersTests.TruncatePath_KeepsTrailingSegments
2026-07-31T00:35:00.1966380+00:00	END	Twig.Cli.Tests.Formatters.FormatterHelpersTests.TruncatePath_KeepsTrailingSegments
2026-07-31T00:35:00.1967248+00:00	START	Twig.Cli.Tests.Formatters.FormatterHelpersTests.GetEffortDisplay_EmptyFields_ReturnsNull
2026-07-31T00:35:00.1969744+00:00	END	Twig.Cli.Tests.Formatters.FormatterHelpersTests.GetEffortDisplay_EmptyFields_ReturnsNull
2026-07-31T00:35:00.1970566+00:00	START	Twig.Cli.Tests.Formatters.FormatterHelpersTests.TruncateTitle_TrimsWhitespace
2026-07-31T00:35:00.1971853+00:00	END	Twig.Cli.Tests.Formatters.FormatterHelpersTests.TruncateTitle_TrimsWhitespace
2026-07-31T00:35:00.1972644+00:00	START	Twig.Cli.Tests.Formatters.FormatterHelpersTests.Truncate_WithStripHtmlTags_StripsHtmlBeforeTruncation
2026-07-31T00:35:00.1975474+00:00	END	Twig.Cli.Tests.Formatters.FormatterHelpersTests.Truncate_WithStripHtmlTags_StripsHtmlBeforeTruncation
2026-07-31T00:35:00.1996064+00:00	START	Twig.Cli.Tests.Formatters.FormatterHelpersTests.HtmlToPlainText_EmptyString_ReturnsEmpty
2026-07-31T00:35:00.1998504+00:00	END	Twig.Cli.Tests.Formatters.FormatterHelpersTests.HtmlToPlainText_EmptyString_ReturnsEmpty
2026-07-31T00:35:00.1999312+00:00	START	Twig.Cli.Tests.Formatters.FormatterHelpersTests.BuildProgressBar_NegativeDone_ClampedToZero
2026-07-31T00:35:00.2003695+00:00	END	Twig.Cli.Tests.Formatters.FormatterHelpersTests.BuildProgressBar_NegativeDone_ClampedToZero
2026-07-31T00:35:00.2004512+00:00	START	Twig.Cli.Tests.Formatters.FormatterHelpersTests.TruncatePath_Empty_ReturnsEmpty
2026-07-31T00:35:00.2005853+00:00	END	Twig.Cli.Tests.Formatters.FormatterHelpersTests.TruncatePath_Empty_ReturnsEmpty
2026-07-31T00:35:00.2006638+00:00	START	Twig.Cli.Tests.Formatters.FormatterHelpersTests.GetEffortDisplay_StoryPoints_ReturnsPts
2026-07-31T00:35:00.2012084+00:00	END	Twig.Cli.Tests.Formatters.FormatterHelpersTests.GetEffortDisplay_StoryPoints_ReturnsPts
2026-07-31T00:35:00.2012927+00:00	START	Twig.Cli.Tests.Formatters.FormatterHelpersTests.IsProgressComplete_DoneLessThanTotal_ReturnsFalse
2026-07-31T00:35:00.2014658+00:00	END	Twig.Cli.Tests.Formatters.FormatterHelpersTests.IsProgressComplete_DoneLessThanTotal_ReturnsFalse
2026-07-31T00:35:00.2015454+00:00	START	Twig.Cli.Tests.Formatters.FormatterHelpersTests.TruncatePath_NoSegmentFits_FallsBackToSimpleTruncation
2026-07-31T00:35:00.2016916+00:00	END	Twig.Cli.Tests.Formatters.FormatterHelpersTests.TruncatePath_NoSegmentFits_FallsBackToSimpleTruncation
2026-07-31T00:35:00.2017697+00:00	START	Twig.Cli.Tests.Formatters.FormatterHelpersTests.Truncate_TrimsWhitespace
2026-07-31T00:35:00.2018962+00:00	END	Twig.Cli.Tests.Formatters.FormatterHelpersTests.Truncate_TrimsWhitespace
2026-07-31T00:35:00.2019845+00:00	START	Twig.Cli.Tests.Formatters.FormatterHelpersTests.BuildProgressBar_FourOfSix_CorrectFormat
2026-07-31T00:35:00.2021196+00:00	END	Twig.Cli.Tests.Formatters.FormatterHelpersTests.BuildProgressBar_FourOfSix_CorrectFormat
2026-07-31T00:35:00.2021980+00:00	START	Twig.Cli.Tests.Formatters.FormatterHelpersTests.BuildProgressBar_AllDone_AllFilled_Green
2026-07-31T00:35:00.2023376+00:00	END	Twig.Cli.Tests.Formatters.FormatterHelpersTests.BuildProgressBar_AllDone_AllFilled_Green
2026-07-31T00:35:00.2024153+00:00	START	Twig.Cli.Tests.Formatters.FormatterHelpersTests.BuildProgressBar_NegativeTotal_ReturnsEmpty
2026-07-31T00:35:00.2025338+00:00	END	Twig.Cli.Tests.Formatters.FormatterHelpersTests.BuildProgressBar_NegativeTotal_ReturnsEmpty
2026-07-31T00:35:00.2055687+00:00	START	Twig.Cli.Tests.Formatters.FormatterHelpersTests.HtmlToSpectreMarkup_UnknownTag_StrippedSilently
2026-07-31T00:35:00.2075380+00:00	END	Twig.Cli.Tests.Formatters.FormatterHelpersTests.HtmlToSpectreMarkup_UnknownTag_StrippedSilently
2026-07-31T00:35:00.2076348+00:00	START	Twig.Cli.Tests.Formatters.FormatterHelpersTests.HtmlToSpectreMarkup_TagWithAttributes_StripsAttributes
2026-07-31T00:35:00.2077683+00:00	END	Twig.Cli.Tests.Formatters.FormatterHelpersTests.HtmlToSpectreMarkup_TagWithAttributes_StripsAttributes
2026-07-31T00:35:00.2078517+00:00	START	Twig.Cli.Tests.Formatters.FormatterHelpersTests.HtmlToSpectreMarkup_HeadingTag_EmitsBoldMarkup
2026-07-31T00:35:00.2079754+00:00	END	Twig.Cli.Tests.Formatters.FormatterHelpersTests.HtmlToSpectreMarkup_HeadingTag_EmitsBoldMarkup
2026-07-31T00:35:00.2080533+00:00	START	Twig.Cli.Tests.Formatters.FormatterHelpersTests.HtmlToPlainText_ParagraphTags_InsertNewlines
2026-07-31T00:35:00.2099317+00:00	END	Twig.Cli.Tests.Formatters.FormatterHelpersTests.HtmlToPlainText_ParagraphTags_InsertNewlines
2026-07-31T00:35:00.2100157+00:00	START	Twig.Cli.Tests.Formatters.FormatterHelpersTests.TruncateTitle_ExactLength_ReturnsUnchanged
2026-07-31T00:35:00.2101450+00:00	END	Twig.Cli.Tests.Formatters.FormatterHelpersTests.TruncateTitle_ExactLength_ReturnsUnchanged
2026-07-31T00:35:00.2102237+00:00	START	Twig.Cli.Tests.Formatters.FormatterHelpersTests.BuildProgressBar_UseAnsiFalse_Complete_NoAnsiCodes
2026-07-31T00:35:00.2103618+00:00	END	Twig.Cli.Tests.Formatters.FormatterHelpersTests.BuildProgressBar_UseAnsiFalse_Complete_NoAnsiCodes
2026-07-31T00:35:00.2104436+00:00	START	Twig.Cli.Tests.Formatters.FormatterHelpersTests.HtmlToSpectreMarkup_BlockContainer_PassesThroughContent
2026-07-31T00:35:00.2105640+00:00	END	Twig.Cli.Tests.Formatters.FormatterHelpersTests.HtmlToSpectreMarkup_BlockContainer_PassesThroughContent
2026-07-31T00:35:00.2106446+00:00	START	Twig.Cli.Tests.Formatters.FormatterHelpersTests.HtmlToSpectreMarkup_BlockContainer_PassesThroughContent
2026-07-31T00:35:00.2109276+00:00	END	Twig.Cli.Tests.Formatters.FormatterHelpersTests.HtmlToSpectreMarkup_BlockContainer_PassesThroughContent
2026-07-31T00:35:00.2110086+00:00	START	Twig.Cli.Tests.Formatters.FormatterHelpersTests.HtmlToPlainText_DivTags_InsertNewlines
2026-07-31T00:35:00.2114400+00:00	END	Twig.Cli.Tests.Formatters.FormatterHelpersTests.HtmlToPlainText_DivTags_InsertNewlines
2026-07-31T00:35:00.2115277+00:00	START	Twig.Cli.Tests.Formatters.FormatterHelpersTests.HtmlToSpectreMarkup_DecodesIndividualEntities
2026-07-31T00:35:00.2120365+00:00	END	Twig.Cli.Tests.Formatters.FormatterHelpersTests.HtmlToSpectreMarkup_DecodesIndividualEntities
2026-07-31T00:35:00.2121168+00:00	START	Twig.Cli.Tests.Formatters.FormatterHelpersTests.HtmlToSpectreMarkup_DecodesIndividualEntities
2026-07-31T00:35:00.2123383+00:00	END	Twig.Cli.Tests.Formatters.FormatterHelpersTests.HtmlToSpectreMarkup_DecodesIndividualEntities
2026-07-31T00:35:00.2146852+00:00	START	Twig.Cli.Tests.Formatters.FormatterHelpersTests.HtmlToSpectreMarkup_DecodesIndividualEntities
2026-07-31T00:35:00.2147285+00:00	END	Twig.Cli.Tests.Formatters.FormatterHelpersTests.HtmlToSpectreMarkup_DecodesIndividualEntities
2026-07-31T00:35:00.2147957+00:00	START	Twig.Cli.Tests.Formatters.FormatterHelpersTests.HtmlToSpectreMarkup_DecodesIndividualEntities
2026-07-31T00:35:00.2148420+00:00	END	Twig.Cli.Tests.Formatters.FormatterHelpersTests.HtmlToSpectreMarkup_DecodesIndividualEntities
2026-07-31T00:35:00.2149092+00:00	START	Twig.Cli.Tests.Formatters.FormatterHelpersTests.HtmlToSpectreMarkup_DecodesIndividualEntities
2026-07-31T00:35:00.2149490+00:00	END	Twig.Cli.Tests.Formatters.FormatterHelpersTests.HtmlToSpectreMarkup_DecodesIndividualEntities
2026-07-31T00:35:00.2150195+00:00	START	Twig.Cli.Tests.Formatters.FormatterHelpersTests.TruncateTitle_StripsHtml_BeforeTruncation
2026-07-31T00:35:00.2151634+00:00	END	Twig.Cli.Tests.Formatters.FormatterHelpersTests.TruncateTitle_StripsHtml_BeforeTruncation
2026-07-31T00:35:00.2153394+00:00	START	Twig.Cli.Tests.Formatters.FormatterHelpersTests.HtmlToSpectreMarkup_ListTag_RendersBulletItems
2026-07-31T00:35:00.2155296+00:00	END	Twig.Cli.Tests.Formatters.FormatterHelpersTests.HtmlToSpectreMarkup_ListTag_RendersBulletItems
2026-07-31T00:35:00.2156111+00:00	START	Twig.Cli.Tests.Formatters.FormatterHelpersTests.HtmlToSpectreMarkup_ListTag_RendersBulletItems
2026-07-31T00:35:00.2157860+00:00	END	Twig.Cli.Tests.Formatters.FormatterHelpersTests.HtmlToSpectreMarkup_ListTag_RendersBulletItems
2026-07-31T00:35:00.2158662+00:00	START	Twig.Cli.Tests.Formatters.FormatterHelpersTests.TruncatePath_Null_ReturnsEmpty
2026-07-31T00:35:00.2159964+00:00	END	Twig.Cli.Tests.Formatters.FormatterHelpersTests.TruncatePath_Null_ReturnsEmpty
2026-07-31T00:35:00.2160744+00:00	START	Twig.Cli.Tests.Formatters.FormatterHelpersTests.HtmlToSpectreMarkup_WhitespaceOnly_ReturnsEmpty
2026-07-31T00:35:00.2161945+00:00	END	Twig.Cli.Tests.Formatters.FormatterHelpersTests.HtmlToSpectreMarkup_WhitespaceOnly_ReturnsEmpty
2026-07-31T00:35:00.2162750+00:00	START	Twig.Cli.Tests.Formatters.FormatterHelpersTests.HtmlToSpectreMarkup_BoldVariant_EmitsBoldMarkup
2026-07-31T00:35:00.2163926+00:00	END	Twig.Cli.Tests.Formatters.FormatterHelpersTests.HtmlToSpectreMarkup_BoldVariant_EmitsBoldMarkup
2026-07-31T00:35:00.2164661+00:00	START	Twig.Cli.Tests.Formatters.FormatterHelpersTests.HtmlToSpectreMarkup_BoldVariant_EmitsBoldMarkup
2026-07-31T00:35:00.2166284+00:00	END	Twig.Cli.Tests.Formatters.FormatterHelpersTests.HtmlToSpectreMarkup_BoldVariant_EmitsBoldMarkup
2026-07-31T00:35:00.2167118+00:00	START	Twig.Cli.Tests.Formatters.FormatterHelpersTests.HtmlToSpectreMarkup_BrVariant_InsertsNewline
2026-07-31T00:35:00.2168458+00:00	END	Twig.Cli.Tests.Formatters.FormatterHelpersTests.HtmlToSpectreMarkup_BrVariant_InsertsNewline
2026-07-31T00:35:00.2169201+00:00	START	Twig.Cli.Tests.Formatters.FormatterHelpersTests.HtmlToSpectreMarkup_BrVariant_InsertsNewline
2026-07-31T00:35:00.2170731+00:00	END	Twig.Cli.Tests.Formatters.FormatterHelpersTests.HtmlToSpectreMarkup_BrVariant_InsertsNewline
2026-07-31T00:35:00.2171538+00:00	START	Twig.Cli.Tests.Formatters.FormatterHelpersTests.HtmlToPlainText_ListItems_GetBulletPrefix
2026-07-31T00:35:00.2250609+00:00	END	Twig.Cli.Tests.Formatters.FormatterHelpersTests.HtmlToPlainText_ListItems_GetBulletPrefix
2026-07-31T00:35:00.2251870+00:00	START	Twig.Cli.Tests.Formatters.FormatterHelpersTests.IsProgressComplete_DoneExceedsTotal_ReturnsTrue
2026-07-31T00:35:00.2253074+00:00	END	Twig.Cli.Tests.Formatters.FormatterHelpersTests.IsProgressComplete_DoneExceedsTotal_ReturnsTrue
2026-07-31T00:35:00.2253893+00:00	START	Twig.Cli.Tests.Formatters.FormatterHelpersTests.HtmlToSpectreMarkup_AnchorTag_PassesThroughTextContent
2026-07-31T00:35:00.2255450+00:00	END	Twig.Cli.Tests.Formatters.FormatterHelpersTests.HtmlToSpectreMarkup_AnchorTag_PassesThroughTextContent
2026-07-31T00:35:00.2256305+00:00	START	Twig.Cli.Tests.Formatters.FormatterHelpersTests.HtmlToSpectreMarkup_NestedInlineTags
2026-07-31T00:35:00.2257786+00:00	END	Twig.Cli.Tests.Formatters.FormatterHelpersTests.HtmlToSpectreMarkup_NestedInlineTags
2026-07-31T00:35:00.2258567+00:00	START	Twig.Cli.Tests.Formatters.FormatterHelpersTests.HtmlToPlainText_StripsTags_PreservesContent
2026-07-31T00:35:00.2260033+00:00	END	Twig.Cli.Tests.Formatters.FormatterHelpersTests.HtmlToPlainText_StripsTags_PreservesContent
2026-07-31T00:35:00.2260894+00:00	START	Twig.Cli.Tests.Formatters.FormatterHelpersTests.TruncatePath_OnlyLastSegmentFits
2026-07-31T00:35:00.2262218+00:00	END	Twig.Cli.Tests.Formatters.FormatterHelpersTests.TruncatePath_OnlyLastSegmentFits
2026-07-31T00:35:00.2262984+00:00	START	Twig.Cli.Tests.Formatters.FormatterHelpersTests.HtmlToPlainText_CaseInsensitiveTags
2026-07-31T00:35:00.2264334+00:00	END	Twig.Cli.Tests.Formatters.FormatterHelpersTests.HtmlToPlainText_CaseInsensitiveTags
2026-07-31T00:35:00.2265099+00:00	START	Twig.Cli.Tests.Formatters.FormatterHelpersTests.HtmlToSpectreMarkup_CodeTag_EmitsDimMarkup
2026-07-31T00:35:00.2266341+00:00	END	Twig.Cli.Tests.Formatters.FormatterHelpersTests.HtmlToSpectreMarkup_CodeTag_EmitsDimMarkup
2026-07-31T00:35:00.2267124+00:00	START	Twig.Cli.Tests.Formatters.FormatterHelpersTests.BuildProgressBar_ZeroDone_AllEmpty
2026-07-31T00:35:00.2268489+00:00	END	Twig.Cli.Tests.Formatters.FormatterHelpersTests.BuildProgressBar_ZeroDone_AllEmpty
2026-07-31T00:35:00.2269267+00:00	START	Twig.Cli.Tests.Formatters.FormatterHelpersTests.Truncate_WithStripHtmlTags_LongHtmlContent_TruncatesWithEllipsis
2026-07-31T00:35:00.2271143+00:00	END	Twig.Cli.Tests.Formatters.FormatterHelpersTests.Truncate_WithStripHtmlTags_LongHtmlContent_TruncatesWithEllipsis
2026-07-31T00:35:00.2271923+00:00	START	Twig.Cli.Tests.Formatters.FormatterHelpersTests.BuildProgressBar_ZeroTotal_ReturnsEmpty
2026-07-31T00:35:00.2273154+00:00	END	Twig.Cli.Tests.Formatters.FormatterHelpersTests.BuildProgressBar_ZeroTotal_ReturnsEmpty
2026-07-31T00:35:00.2273919+00:00	START	Twig.Cli.Tests.Formatters.FormatterHelpersTests.HtmlToSpectreMarkup_MixedContent_RealWorldAdoHtml
2026-07-31T00:35:00.2275640+00:00	END	Twig.Cli.Tests.Formatters.FormatterHelpersTests.HtmlToSpectreMarkup_MixedContent_RealWorldAdoHtml
2026-07-31T00:35:00.2276508+00:00	START	Twig.Cli.Tests.Formatters.FormatterHelpersTests.HtmlToPlainText_PlainText_PassesThrough
2026-07-31T00:35:00.2277738+00:00	END	Twig.Cli.Tests.Formatters.FormatterHelpersTests.HtmlToPlainText_PlainText_PassesThrough
2026-07-31T00:35:00.2278522+00:00	START	Twig.Cli.Tests.Formatters.FormatterHelpersTests.HtmlToPlainText_TrimsLeadingTrailingBlanks
2026-07-31T00:35:00.2283865+00:00	END	Twig.Cli.Tests.Formatters.FormatterHelpersTests.HtmlToPlainText_TrimsLeadingTrailingBlanks
2026-07-31T00:35:00.2284784+00:00	START	Twig.Cli.Tests.Formatters.FormatterHelpersTests.GetStateLabel_ReturnsStateName
2026-07-31T00:35:00.2327621+00:00	END	Twig.Cli.Tests.Formatters.FormatterHelpersTests.GetStateLabel_ReturnsStateName
2026-07-31T00:35:00.2328714+00:00	START	Twig.Cli.Tests.Formatters.FormatterHelpersTests.GetStateLabel_ReturnsStateName
2026-07-31T00:35:00.2331260+00:00	END	Twig.Cli.Tests.Formatters.FormatterHelpersTests.GetStateLabel_ReturnsStateName
2026-07-31T00:35:00.2332078+00:00	START	Twig.Cli.Tests.Formatters.FormatterHelpersTests.GetStateLabel_ReturnsStateName
2026-07-31T00:35:00.2332511+00:00	END	Twig.Cli.Tests.Formatters.FormatterHelpersTests.GetStateLabel_ReturnsStateName
2026-07-31T00:35:00.2333174+00:00	START	Twig.Cli.Tests.Formatters.FormatterHelpersTests.GetStateLabel_ReturnsStateName
2026-07-31T00:35:00.2333596+00:00	END	Twig.Cli.Tests.Formatters.FormatterHelpersTests.GetStateLabel_ReturnsStateName
2026-07-31T00:35:00.2334239+00:00	START	Twig.Cli.Tests.Formatters.FormatterHelpersTests.GetStateLabel_ReturnsStateName
2026-07-31T00:35:00.2334654+00:00	END	Twig.Cli.Tests.Formatters.FormatterHelpersTests.GetStateLabel_ReturnsStateName
2026-07-31T00:35:00.2335296+00:00	START	Twig.Cli.Tests.Formatters.FormatterHelpersTests.GetStateLabel_ReturnsStateName
2026-07-31T00:35:00.2335698+00:00	END	Twig.Cli.Tests.Formatters.FormatterHelpersTests.GetStateLabel_ReturnsStateName
2026-07-31T00:35:00.2336452+00:00	START	Twig.Cli.Tests.Formatters.FormatterHelpersTests.GetStateLabel_ReturnsStateName
2026-07-31T00:35:00.2336855+00:00	END	Twig.Cli.Tests.Formatters.FormatterHelpersTests.GetStateLabel_ReturnsStateName
2026-07-31T00:35:00.2337568+00:00	START	Twig.Cli.Tests.Formatters.FormatterHelpersTests.TruncateTitle_StripsHtml_ThenTruncates
2026-07-31T00:35:00.2339058+00:00	END	Twig.Cli.Tests.Formatters.FormatterHelpersTests.TruncateTitle_StripsHtml_ThenTruncates
2026-07-31T00:35:00.2339867+00:00	START	Twig.Cli.Tests.Formatters.FormatterHelpersTests.HtmlToPlainText_NullInput_ReturnsEmpty
2026-07-31T00:35:00.2341085+00:00	END	Twig.Cli.Tests.Formatters.FormatterHelpersTests.HtmlToPlainText_NullInput_ReturnsEmpty
2026-07-31T00:35:00.2341869+00:00	START	Twig.Cli.Tests.Formatters.FormatterHelpersTests.HtmlToPlainText_CollapsesBlankLines
2026-07-31T00:35:00.2343227+00:00	END	Twig.Cli.Tests.Formatters.FormatterHelpersTests.HtmlToPlainText_CollapsesBlankLines
2026-07-31T00:35:00.2344043+00:00	START	Twig.Cli.Tests.Formatters.FormatterHelpersTests.HtmlToSpectreMarkup_ItalicVariant_EmitsItalicMarkup
2026-07-31T00:35:00.2345256+00:00	END	Twig.Cli.Tests.Formatters.FormatterHelpersTests.HtmlToSpectreMarkup_ItalicVariant_EmitsItalicMarkup
2026-07-31T00:35:00.2346059+00:00	START	Twig.Cli.Tests.Formatters.FormatterHelpersTests.HtmlToSpectreMarkup_ItalicVariant_EmitsItalicMarkup
2026-07-31T00:35:00.2347910+00:00	END	Twig.Cli.Tests.Formatters.FormatterHelpersTests.HtmlToSpectreMarkup_ItalicVariant_EmitsItalicMarkup
2026-07-31T00:35:00.2348717+00:00	START	Twig.Cli.Tests.Formatters.FormatterHelpersTests.TruncatePath_LongPath_TruncatesFromLeft
2026-07-31T00:35:00.2350041+00:00	END	Twig.Cli.Tests.Formatters.FormatterHelpersTests.TruncatePath_LongPath_TruncatesFromLeft
2026-07-31T00:35:00.2383774+00:00	START	Twig.Cli.Tests.Formatters.FormatterHelpersTests.TruncatePath_ExactLength_ReturnsUnchanged
2026-07-31T00:35:00.2385260+00:00	END	Twig.Cli.Tests.Formatters.FormatterHelpersTests.TruncatePath_ExactLength_ReturnsUnchanged
2026-07-31T00:35:00.2386190+00:00	START	Twig.Cli.Tests.Formatters.FormatterHelpersTests.HtmlToSpectreMarkup_NullInput_ReturnsEmpty
2026-07-31T00:35:00.2387491+00:00	END	Twig.Cli.Tests.Formatters.FormatterHelpersTests.HtmlToSpectreMarkup_NullInput_ReturnsEmpty
2026-07-31T00:35:00.2388290+00:00	START	Twig.Cli.Tests.Formatters.FormatterHelpersTests.TruncatePath_SingleSegmentExceedsMax_FallsBackToSimpleTruncation
2026-07-31T00:35:00.2389506+00:00	END	Twig.Cli.Tests.Formatters.FormatterHelpersTests.TruncatePath_SingleSegmentExceedsMax_FallsBackToSimpleTruncation
2026-07-31T00:35:00.2390289+00:00	START	Twig.Cli.Tests.Formatters.FormatterHelpersTests.TruncateTitle_Null_ReturnsEmpty
2026-07-31T00:35:00.2391462+00:00	END	Twig.Cli.Tests.Formatters.FormatterHelpersTests.TruncateTitle_Null_ReturnsEmpty
2026-07-31T00:35:00.2392237+00:00	START	Twig.Cli.Tests.Formatters.FormatterHelpersTests.TruncateTitle_ShortTitle_ReturnsUnchanged
2026-07-31T00:35:00.2393408+00:00	END	Twig.Cli.Tests.Formatters.FormatterHelpersTests.TruncateTitle_ShortTitle_ReturnsUnchanged
2026-07-31T00:35:00.2394178+00:00	START	Twig.Cli.Tests.Formatters.FormatterHelpersTests.GetEffortDisplay_Effort_ReturnsPts
2026-07-31T00:35:00.2417257+00:00	END	Twig.Cli.Tests.Formatters.FormatterHelpersTests.GetEffortDisplay_Effort_ReturnsPts
2026-07-31T00:35:00.2418113+00:00	START	Twig.Cli.Tests.Formatters.FormatterHelpersTests.BuildProgressBar_DoneExceedsTotal_ClampedToTotal
2026-07-31T00:35:00.2419731+00:00	END	Twig.Cli.Tests.Formatters.FormatterHelpersTests.BuildProgressBar_DoneExceedsTotal_ClampedToTotal
2026-07-31T00:35:00.2420520+00:00	START	Twig.Cli.Tests.Formatters.FormatterHelpersTests.BuildProgressBar_PartialProgress_MixedBlocks
2026-07-31T00:35:00.2421887+00:00	END	Twig.Cli.Tests.Formatters.FormatterHelpersTests.BuildProgressBar_PartialProgress_MixedBlocks
2026-07-31T00:35:00.2422653+00:00	START	Twig.Cli.Tests.Formatters.FormatterHelpersTests.GetEffortDisplay_NoEffortField_ReturnsNull
2026-07-31T00:35:00.2424032+00:00	END	Twig.Cli.Tests.Formatters.FormatterHelpersTests.GetEffortDisplay_NoEffortField_ReturnsNull
2026-07-31T00:35:00.2424811+00:00	START	Twig.Cli.Tests.Formatters.FormatterHelpersTests.HtmlToSpectreMarkup_PlainText_PassesThrough
2026-07-31T00:35:00.2426152+00:00	END	Twig.Cli.Tests.Formatters.FormatterHelpersTests.HtmlToSpectreMarkup_PlainText_PassesThrough
2026-07-31T00:35:00.2426993+00:00	START	Twig.Cli.Tests.Formatters.FormatterHelpersTests.TruncatePath_ShortPath_ReturnsUnchanged
2026-07-31T00:35:00.2428198+00:00	END	Twig.Cli.Tests.Formatters.FormatterHelpersTests.TruncatePath_ShortPath_ReturnsUnchanged
2026-07-31T00:35:00.2429009+00:00	START	Twig.Cli.Tests.Formatters.FormatterHelpersTests.HtmlToSpectreMarkup_EmptyString_ReturnsEmpty
2026-07-31T00:35:00.2430232+00:00	END	Twig.Cli.Tests.Formatters.FormatterHelpersTests.HtmlToSpectreMarkup_EmptyString_ReturnsEmpty
2026-07-31T00:35:00.2431040+00:00	START	Twig.Cli.Tests.Formatters.FormatterHelpersTests.HtmlToSpectreMarkup_AllHeadingLevels_EmitBold
2026-07-31T00:35:00.2434391+00:00	END	Twig.Cli.Tests.Formatters.FormatterHelpersTests.HtmlToSpectreMarkup_AllHeadingLevels_EmitBold
2026-07-31T00:35:00.2435207+00:00	START	Twig.Cli.Tests.Formatters.FormatterHelpersTests.HtmlToSpectreMarkup_ListItem_EmitsBullet
2026-07-31T00:35:00.2436537+00:00	END	Twig.Cli.Tests.Formatters.FormatterHelpersTests.HtmlToSpectreMarkup_ListItem_EmitsBullet
2026-07-31T00:35:00.2437319+00:00	START	Twig.Cli.Tests.Formatters.FormatterHelpersTests.HtmlToSpectreMarkup_MultipleEntitiesInSequence_AllDecoded
2026-07-31T00:35:00.2438511+00:00	END	Twig.Cli.Tests.Formatters.FormatterHelpersTests.HtmlToSpectreMarkup_MultipleEntitiesInSequence_AllDecoded
2026-07-31T00:35:00.2439271+00:00	START	Twig.Cli.Tests.Formatters.FormatterHelpersTests.TruncatePath_CustomSeparator_ForwardSlash
2026-07-31T00:35:00.2440546+00:00	END	Twig.Cli.Tests.Formatters.FormatterHelpersTests.TruncatePath_CustomSeparator_ForwardSlash
2026-07-31T00:35:00.2441307+00:00	START	Twig.Cli.Tests.Formatters.FormatterHelpersTests.HtmlToSpectreMarkup_UnmatchedClosingTag_EmitsClose
2026-07-31T00:35:00.2442482+00:00	END	Twig.Cli.Tests.Formatters.FormatterHelpersTests.HtmlToSpectreMarkup_UnmatchedClosingTag_EmitsClose
2026-07-31T00:35:00.2443240+00:00	START	Twig.Cli.Tests.Formatters.FormatterHelpersTests.HtmlToSpectreMarkup_ParagraphTag_InsertsNewline
2026-07-31T00:35:00.2444850+00:00	END	Twig.Cli.Tests.Formatters.FormatterHelpersTests.HtmlToSpectreMarkup_ParagraphTag_InsertsNewline
2026-07-31T00:35:00.2445637+00:00	START	Twig.Cli.Tests.Formatters.FormatterHelpersTests.TruncateTitle_LongTitle_TruncatesWithEllipsis
2026-07-31T00:35:00.2476816+00:00	END	Twig.Cli.Tests.Formatters.FormatterHelpersTests.TruncateTitle_LongTitle_TruncatesWithEllipsis
2026-07-31T00:35:00.2477659+00:00	START	Twig.Cli.Tests.Formatters.FormatterHelpersTests.IsProgressComplete_DoneEqualsTotal_ReturnsTrue
2026-07-31T00:35:00.2478866+00:00	END	Twig.Cli.Tests.Formatters.FormatterHelpersTests.IsProgressComplete_DoneEqualsTotal_ReturnsTrue
2026-07-31T00:35:00.2479699+00:00	START	Twig.Cli.Tests.Formatters.FormatterHelpersTests.HtmlToSpectreMarkup_InlineMarkupInsideListItem_EmitsBothMarkup
2026-07-31T00:35:00.2480936+00:00	END	Twig.Cli.Tests.Formatters.FormatterHelpersTests.HtmlToSpectreMarkup_InlineMarkupInsideListItem_EmitsBothMarkup
2026-07-31T00:35:00.2481671+00:00	START	Twig.Cli.Tests.Formatters.FormatterHelpersTests.HtmlToSpectreMarkup_InlineMarkupInsideListItem_EmitsBothMarkup
2026-07-31T00:35:00.2484110+00:00	END	Twig.Cli.Tests.Formatters.FormatterHelpersTests.HtmlToSpectreMarkup_InlineMarkupInsideListItem_EmitsBothMarkup
2026-07-31T00:35:00.2484922+00:00	START	Twig.Cli.Tests.Formatters.FormatterHelpersTests.GetEffortDisplay_WhitespaceValue_ReturnsNull
2026-07-31T00:35:00.2486468+00:00	END	Twig.Cli.Tests.Formatters.FormatterHelpersTests.GetEffortDisplay_WhitespaceValue_ReturnsNull
2026-07-31T00:35:00.2487269+00:00	START	Twig.Cli.Tests.Formatters.FormatterHelpersTests.HtmlToSpectreMarkup_TruncatesAtMaxLines
2026-07-31T00:35:00.2501771+00:00	END	Twig.Cli.Tests.Formatters.FormatterHelpersTests.HtmlToSpectreMarkup_TruncatesAtMaxLines
2026-07-31T00:35:00.2502634+00:00	START	Twig.Cli.Tests.Formatters.FormatterHelpersTests.HtmlToSpectreMarkup_UnclosedAngleBracket_TreatedAsLiteral
2026-07-31T00:35:00.2504125+00:00	END	Twig.Cli.Tests.Formatters.FormatterHelpersTests.HtmlToSpectreMarkup_UnclosedAngleBracket_TreatedAsLiteral
2026-07-31T00:35:00.2505012+00:00	START	Twig.Cli.Tests.Formatters.FormatterHelpersTests.HtmlToPlainText_TruncatesAtMaxLines
2026-07-31T00:35:00.2536221+00:00	END	Twig.Cli.Tests.Formatters.FormatterHelpersTests.HtmlToPlainText_TruncatesAtMaxLines
2026-07-31T00:35:00.2537072+00:00	START	Twig.Cli.Tests.Formatters.FormatterHelpersTests.HtmlToPlainText_ExactlyMaxLines_NoTruncation
2026-07-31T00:35:00.2540393+00:00	END	Twig.Cli.Tests.Formatters.FormatterHelpersTests.HtmlToPlainText_ExactlyMaxLines_NoTruncation
2026-07-31T00:35:00.2541221+00:00	START	Twig.Cli.Tests.Formatters.FormatterHelpersTests.HtmlToPlainText_UnclosedTag_TreatsAsLiteral
2026-07-31T00:35:00.2542448+00:00	END	Twig.Cli.Tests.Formatters.FormatterHelpersTests.HtmlToPlainText_UnclosedTag_TreatsAsLiteral
2026-07-31T00:35:00.2543249+00:00	START	Twig.Cli.Tests.Formatters.FormatterHelpersTests.IsProgressComplete_ZeroTotal_ReturnsFalse
2026-07-31T00:35:00.2544281+00:00	END	Twig.Cli.Tests.Formatters.FormatterHelpersTests.IsProgressComplete_ZeroTotal_ReturnsFalse
2026-07-31T00:35:00.2545046+00:00	START	Twig.Cli.Tests.Formatters.FormatterHelpersTests.HtmlToPlainText_MixedContent_RealWorldAdoHtml
2026-07-31T00:35:00.2546818+00:00	END	Twig.Cli.Tests.Formatters.FormatterHelpersTests.HtmlToPlainText_MixedContent_RealWorldAdoHtml
2026-07-31T00:35:00.2547611+00:00	START	Twig.Cli.Tests.Formatters.FormatterHelpersTests.Truncate_ShortValue_ReturnsUnchanged
2026-07-31T00:35:00.2548852+00:00	END	Twig.Cli.Tests.Formatters.FormatterHelpersTests.Truncate_ShortValue_ReturnsUnchanged
2026-07-31T00:35:00.2549639+00:00	START	Twig.Cli.Tests.Formatters.FormatterHelpersTests.GetEffortDisplay_Size_ReturnsPts
2026-07-31T00:35:00.2551104+00:00	END	Twig.Cli.Tests.Formatters.FormatterHelpersTests.GetEffortDisplay_Size_ReturnsPts
2026-07-31T00:35:00.2551890+00:00	START	Twig.Cli.Tests.Formatters.FormatterHelpersTests.BuildProgressBar_UseAnsiFalse_Incomplete_SameAsDefault
2026-07-31T00:35:00.2553250+00:00	END	Twig.Cli.Tests.Formatters.FormatterHelpersTests.BuildProgressBar_UseAnsiFalse_Incomplete_SameAsDefault
2026-07-31T00:35:00.2554029+00:00	START	Twig.Cli.Tests.Formatters.FormatterHelpersTests.Truncate_ExactLength_ReturnsUnchanged
2026-07-31T00:35:00.2555203+00:00	END	Twig.Cli.Tests.Formatters.FormatterHelpersTests.Truncate_ExactLength_ReturnsUnchanged
2026-07-31T00:35:00.2556059+00:00	START	Twig.Cli.Tests.Formatters.FormatterHelpersTests.BuildProgressBar_LargeNumbers_AllDone_Green
2026-07-31T00:35:00.2557301+00:00	END	Twig.Cli.Tests.Formatters.FormatterHelpersTests.BuildProgressBar_LargeNumbers_AllDone_Green
2026-07-31T00:35:00.2558073+00:00	START	Twig.Cli.Tests.Formatters.FormatterHelpersTests.GetEffortDisplay_CaseInsensitiveSuffix
2026-07-31T00:35:00.2559513+00:00	END	Twig.Cli.Tests.Formatters.FormatterHelpersTests.GetEffortDisplay_CaseInsensitiveSuffix
2026-07-31T00:35:00.2560293+00:00	START	Twig.Cli.Tests.Formatters.FormatterHelpersTests.HtmlToPlainText_DecodesNamedEntities
2026-07-31T00:35:00.2561593+00:00	END	Twig.Cli.Tests.Formatters.FormatterHelpersTests.HtmlToPlainText_DecodesNamedEntities
2026-07-31T00:35:00.2562372+00:00	START	Twig.Cli.Tests.Formatters.FormatterHelpersTests.HtmlToPlainText_BrTags_InsertNewlines
2026-07-31T00:35:00.2599974+00:00	END	Twig.Cli.Tests.Formatters.FormatterHelpersTests.HtmlToPlainText_BrTags_InsertNewlines
2026-07-31T00:35:00.2600880+00:00	START	Twig.Cli.Tests.Formatters.FormatterHelpersTests.GetStateLabel_EmptyString_ReturnsQuestionMark
2026-07-31T00:35:00.2602213+00:00	END	Twig.Cli.Tests.Formatters.FormatterHelpersTests.GetStateLabel_EmptyString_ReturnsQuestionMark
2026-07-31T00:35:00.2603011+00:00	START	Twig.Cli.Tests.Formatters.FormatterHelpersTests.HtmlToPlainText_WhitespaceOnly_ReturnsEmpty
2026-07-31T00:35:00.2604219+00:00	END	Twig.Cli.Tests.Formatters.FormatterHelpersTests.HtmlToPlainText_WhitespaceOnly_ReturnsEmpty
2026-07-31T00:35:00.2604991+00:00	START	Twig.Cli.Tests.Formatters.FormatterHelpersTests.Truncate_LongValue_TruncatesWithEllipsis
2026-07-31T00:35:00.2606266+00:00	END	Twig.Cli.Tests.Formatters.FormatterHelpersTests.Truncate_LongValue_TruncatesWithEllipsis
2026-07-31T00:35:00.2607176+00:00	START	Twig.Cli.Tests.Formatters.FormatterHelpersTests.HtmlToPlainText_HeadingTags_InsertNewlines
2026-07-31T00:35:00.2608762+00:00	END	Twig.Cli.Tests.Formatters.FormatterHelpersTests.HtmlToPlainText_HeadingTags_InsertNewlines
2026-07-31T00:35:00.2609536+00:00	START	Twig.Cli.Tests.Formatters.FormatterHelpersTests.HtmlToSpectreMarkup_EscapesBrackets
2026-07-31T00:35:00.2610785+00:00	END	Twig.Cli.Tests.Formatters.FormatterHelpersTests.HtmlToSpectreMarkup_EscapesBrackets
2026-07-31T00:35:00.2611547+00:00	START	Twig.Cli.Tests.Formatters.FormatterHelpersTests.TruncateTitle_Empty_ReturnsEmpty
2026-07-31T00:35:00.2612811+00:00	END	Twig.Cli.Tests.Formatters.FormatterHelpersTests.TruncateTitle_Empty_ReturnsEmpty
2026-07-31T00:35:00.2637682+00:00	START	Twig.Cli.Tests.Rendering.WidthBudgetTests.Constructor_ClampsToMinConsoleWidth_WhenNegative
2026-07-31T00:35:00.2639078+00:00	END	Twig.Cli.Tests.Rendering.WidthBudgetTests.Constructor_ClampsToMinConsoleWidth_WhenNegative
2026-07-31T00:35:00.2639887+00:00	START	Twig.Cli.Tests.Rendering.WidthBudgetTests.Equality_SameWidth_AreEqual
2026-07-31T00:35:00.2670301+00:00	END	Twig.Cli.Tests.Rendering.WidthBudgetTests.Equality_SameWidth_AreEqual
2026-07-31T00:35:00.2671481+00:00	START	Twig.Cli.Tests.Rendering.WidthBudgetTests.TableTitleBudget_ReturnsWidthMinusOverhead
2026-07-31T00:35:00.2672956+00:00	END	Twig.Cli.Tests.Rendering.WidthBudgetTests.TableTitleBudget_ReturnsWidthMinusOverhead
2026-07-31T00:35:00.2673796+00:00	START	Twig.Cli.Tests.Rendering.WidthBudgetTests.TableTitleBudget_ReturnsWidthMinusOverhead
2026-07-31T00:35:00.2676860+00:00	END	Twig.Cli.Tests.Rendering.WidthBudgetTests.TableTitleBudget_ReturnsWidthMinusOverhead
2026-07-31T00:35:00.2677696+00:00	START	Twig.Cli.Tests.Rendering.WidthBudgetTests.TableTitleBudget_ReturnsWidthMinusOverhead
2026-07-31T00:35:00.2678072+00:00	END	Twig.Cli.Tests.Rendering.WidthBudgetTests.TableTitleBudget_ReturnsWidthMinusOverhead
2026-07-31T00:35:00.2678709+00:00	START	Twig.Cli.Tests.Rendering.WidthBudgetTests.TableTitleBudget_ReturnsWidthMinusOverhead
2026-07-31T00:35:00.2679070+00:00	END	Twig.Cli.Tests.Rendering.WidthBudgetTests.TableTitleBudget_ReturnsWidthMinusOverhead
2026-07-31T00:35:00.2679758+00:00	START	Twig.Cli.Tests.Rendering.WidthBudgetTests.Constructor_PreservesWidth_WhenAboveMinimum
2026-07-31T00:35:00.2681054+00:00	END	Twig.Cli.Tests.Rendering.WidthBudgetTests.Constructor_PreservesWidth_WhenAboveMinimum
2026-07-31T00:35:00.2681896+00:00	START	Twig.Cli.Tests.Rendering.WidthBudgetTests.PanelContentWidth_ReturnsWidthMinusPanelOverhead
2026-07-31T00:35:00.2683788+00:00	END	Twig.Cli.Tests.Rendering.WidthBudgetTests.PanelContentWidth_ReturnsWidthMinusPanelOverhead
2026-07-31T00:35:00.2684575+00:00	START	Twig.Cli.Tests.Rendering.WidthBudgetTests.PanelContentWidth_ReturnsWidthMinusPanelOverhead
2026-07-31T00:35:00.2687232+00:00	END	Twig.Cli.Tests.Rendering.WidthBudgetTests.PanelContentWidth_ReturnsWidthMinusPanelOverhead
2026-07-31T00:35:00.2688089+00:00	START	Twig.Cli.Tests.Rendering.WidthBudgetTests.AssignedToBudget_Compact_Returns15
2026-07-31T00:35:00.2689399+00:00	END	Twig.Cli.Tests.Rendering.WidthBudgetTests.AssignedToBudget_Compact_Returns15
2026-07-31T00:35:00.2690215+00:00	START	Twig.Cli.Tests.Rendering.WidthBudgetTests.AssignedToBudget_Wide_Returns20
2026-07-31T00:35:00.2691425+00:00	END	Twig.Cli.Tests.Rendering.WidthBudgetTests.AssignedToBudget_Wide_Returns20
2026-07-31T00:35:00.2692216+00:00	START	Twig.Cli.Tests.Rendering.WidthBudgetTests.TreeTitleBudget_DepthZero_ReturnsWidthMinusFixedOverhead
2026-07-31T00:35:00.2693450+00:00	END	Twig.Cli.Tests.Rendering.WidthBudgetTests.TreeTitleBudget_DepthZero_ReturnsWidthMinusFixedOverhead
2026-07-31T00:35:00.2694229+00:00	START	Twig.Cli.Tests.Rendering.WidthBudgetTests.Constants_HaveExpectedValues
2026-07-31T00:35:00.2695673+00:00	END	Twig.Cli.Tests.Rendering.WidthBudgetTests.Constants_HaveExpectedValues
2026-07-31T00:35:00.2696582+00:00	START	Twig.Cli.Tests.Rendering.WidthBudgetTests.Constructor_ClampsToMinConsoleWidth_WhenZero
2026-07-31T00:35:00.2697894+00:00	END	Twig.Cli.Tests.Rendering.WidthBudgetTests.Constructor_ClampsToMinConsoleWidth_WhenZero
2026-07-31T00:35:00.2698682+00:00	START	Twig.Cli.Tests.Rendering.WidthBudgetTests.Constructor_ClampsToMinConsoleWidth_WhenBelowFloor
2026-07-31T00:35:00.2699865+00:00	END	Twig.Cli.Tests.Rendering.WidthBudgetTests.Constructor_ClampsToMinConsoleWidth_WhenBelowFloor
2026-07-31T00:35:00.2700700+00:00	START	Twig.Cli.Tests.Rendering.WidthBudgetTests.Breakpoint_AssignedCorrectly
2026-07-31T00:35:00.2717786+00:00	END	Twig.Cli.Tests.Rendering.WidthBudgetTests.Breakpoint_AssignedCorrectly
2026-07-31T00:35:00.2718663+00:00	START	Twig.Cli.Tests.Rendering.WidthBudgetTests.Breakpoint_AssignedCorrectly
2026-07-31T00:35:00.2721999+00:00	END	Twig.Cli.Tests.Rendering.WidthBudgetTests.Breakpoint_AssignedCorrectly
2026-07-31T00:35:00.2722839+00:00	START	Twig.Cli.Tests.Rendering.WidthBudgetTests.Breakpoint_AssignedCorrectly
2026-07-31T00:35:00.2723217+00:00	END	Twig.Cli.Tests.Rendering.WidthBudgetTests.Breakpoint_AssignedCorrectly
2026-07-31T00:35:00.2723885+00:00	START	Twig.Cli.Tests.Rendering.WidthBudgetTests.Breakpoint_AssignedCorrectly
2026-07-31T00:35:00.2724231+00:00	END	Twig.Cli.Tests.Rendering.WidthBudgetTests.Breakpoint_AssignedCorrectly
2026-07-31T00:35:00.2724864+00:00	START	Twig.Cli.Tests.Rendering.WidthBudgetTests.Breakpoint_AssignedCorrectly
2026-07-31T00:35:00.2725212+00:00	END	Twig.Cli.Tests.Rendering.WidthBudgetTests.Breakpoint_AssignedCorrectly
2026-07-31T00:35:00.2725903+00:00	START	Twig.Cli.Tests.Rendering.WidthBudgetTests.Breakpoint_AssignedCorrectly
2026-07-31T00:35:00.2726262+00:00	END	Twig.Cli.Tests.Rendering.WidthBudgetTests.Breakpoint_AssignedCorrectly
2026-07-31T00:35:00.2726961+00:00	START	Twig.Cli.Tests.Rendering.WidthBudgetTests.PathBudget_Wide_CapsAt60
2026-07-31T00:35:00.2729877+00:00	END	Twig.Cli.Tests.Rendering.WidthBudgetTests.PathBudget_Wide_CapsAt60
2026-07-31T00:35:00.2730732+00:00	START	Twig.Cli.Tests.Rendering.WidthBudgetTests.PathBudget_Standard_CapsAt60
2026-07-31T00:35:00.2731975+00:00	END	Twig.Cli.Tests.Rendering.WidthBudgetTests.PathBudget_Standard_CapsAt60
2026-07-31T00:35:00.2732784+00:00	START	Twig.Cli.Tests.Rendering.WidthBudgetTests.TreeTitleBudget_ClampsToTen_WhenCalculationGoesBelowTen
2026-07-31T00:35:00.2734144+00:00	END	Twig.Cli.Tests.Rendering.WidthBudgetTests.TreeTitleBudget_ClampsToTen_WhenCalculationGoesBelowTen
2026-07-31T00:35:00.2734982+00:00	START	Twig.Cli.Tests.Rendering.WidthBudgetTests.GridValueBudget_ReturnsPanelContentMinusLabelWidth
2026-07-31T00:35:00.2736302+00:00	END	Twig.Cli.Tests.Rendering.WidthBudgetTests.GridValueBudget_ReturnsPanelContentMinusLabelWidth
2026-07-31T00:35:00.2737054+00:00	START	Twig.Cli.Tests.Rendering.WidthBudgetTests.GridValueBudget_ReturnsPanelContentMinusLabelWidth
2026-07-31T00:35:00.2739662+00:00	END	Twig.Cli.Tests.Rendering.WidthBudgetTests.GridValueBudget_ReturnsPanelContentMinusLabelWidth
2026-07-31T00:35:00.2741523+00:00	START	Twig.Cli.Tests.Rendering.WidthBudgetTests.TreeTitleBudget_NeverReturnsNegative
2026-07-31T00:35:00.2743205+00:00	END	Twig.Cli.Tests.Rendering.WidthBudgetTests.TreeTitleBudget_NeverReturnsNegative
2026-07-31T00:35:00.2744059+00:00	START	Twig.Cli.Tests.Rendering.WidthBudgetTests.PanelHeaderTitleBudget_ReturnsPanelContentMinusOverhead
2026-07-31T00:35:00.2746060+00:00	END	Twig.Cli.Tests.Rendering.WidthBudgetTests.PanelHeaderTitleBudget_ReturnsPanelContentMinusOverhead
2026-07-31T00:35:00.2746851+00:00	START	Twig.Cli.Tests.Rendering.WidthBudgetTests.PanelHeaderTitleBudget_ReturnsPanelContentMinusOverhead
2026-07-31T00:35:00.2749534+00:00	END	Twig.Cli.Tests.Rendering.WidthBudgetTests.PanelHeaderTitleBudget_ReturnsPanelContentMinusOverhead
2026-07-31T00:35:00.2750352+00:00	START	Twig.Cli.Tests.Rendering.WidthBudgetTests.PanelHeaderTitleBudget_ReturnsPanelContentMinusOverhead
2026-07-31T00:35:00.2750724+00:00	END	Twig.Cli.Tests.Rendering.WidthBudgetTests.PanelHeaderTitleBudget_ReturnsPanelContentMinusOverhead
2026-07-31T00:35:00.2751424+00:00	START	Twig.Cli.Tests.Rendering.WidthBudgetTests.PanelHeaderTitleBudget_ClampsToTen_WhenOverheadExceedsPanelContent
2026-07-31T00:35:00.2752792+00:00	END	Twig.Cli.Tests.Rendering.WidthBudgetTests.PanelHeaderTitleBudget_ClampsToTen_WhenOverheadExceedsPanelContent
2026-07-31T00:35:00.2753594+00:00	START	Twig.Cli.Tests.Rendering.WidthBudgetTests.Breakpoint_SubMinWidth_MapsToCompact
2026-07-31T00:35:00.2754843+00:00	END	Twig.Cli.Tests.Rendering.WidthBudgetTests.Breakpoint_SubMinWidth_MapsToCompact
2026-07-31T00:35:00.2755628+00:00	START	Twig.Cli.Tests.Rendering.WidthBudgetTests.TreeTitleBudget_ReducesWithDepth
2026-07-31T00:35:00.2757169+00:00	END	Twig.Cli.Tests.Rendering.WidthBudgetTests.TreeTitleBudget_ReducesWithDepth
2026-07-31T00:35:00.2757960+00:00	START	Twig.Cli.Tests.Rendering.WidthBudgetTests.PathBudget_Compact_CapsAt30
2026-07-31T00:35:00.2759158+00:00	END	Twig.Cli.Tests.Rendering.WidthBudgetTests.PathBudget_Compact_CapsAt30
2026-07-31T00:35:00.2759956+00:00	START	Twig.Cli.Tests.Rendering.WidthBudgetTests.Constructor_PreservesWidth_WhenAtMinimum
2026-07-31T00:35:00.2761129+00:00	END	Twig.Cli.Tests.Rendering.WidthBudgetTests.Constructor_PreservesWidth_WhenAtMinimum
2026-07-31T00:35:00.2761917+00:00	START	Twig.Cli.Tests.Rendering.WidthBudgetTests.AssignedToBudget_Standard_Returns20
2026-07-31T00:35:00.2763082+00:00	END	Twig.Cli.Tests.Rendering.WidthBudgetTests.AssignedToBudget_Standard_Returns20
2026-07-31T00:35:00.2763867+00:00	START	Twig.Cli.Tests.Rendering.WidthBudgetTests.Equality_DifferentWidth_AreNotEqual
2026-07-31T00:35:00.2769046+00:00	END	Twig.Cli.Tests.Rendering.WidthBudgetTests.Equality_DifferentWidth_AreNotEqual
2026-07-31T00:35:00.2769905+00:00	START	Twig.Cli.Tests.Rendering.WidthBudgetTests.TreeTitleBudget_Width60Depth5_StaysPositive
2026-07-31T00:35:00.2771359+00:00	END	Twig.Cli.Tests.Rendering.WidthBudgetTests.TreeTitleBudget_Width60Depth5_StaysPositive
2026-07-31T00:35:00.2772203+00:00	START	Twig.Cli.Tests.Rendering.WidthBudgetTests.TreeTitleBudget_ClampsToTen_AtExtremeDepth
2026-07-31T00:35:00.2773432+00:00	END	Twig.Cli.Tests.Rendering.WidthBudgetTests.TreeTitleBudget_ClampsToTen_AtExtremeDepth
2026-07-31T00:35:00.2774215+00:00	START	Twig.Cli.Tests.Rendering.WidthBudgetTests.PathBudget_Compact_UsesGridValueBudget_WhenSmaller
2026-07-31T00:35:00.2775404+00:00	END	Twig.Cli.Tests.Rendering.WidthBudgetTests.PathBudget_Compact_UsesGridValueBudget_WhenSmaller
2026-07-31T00:35:00.2791704+00:00	START	Twig.Cli.Tests.Commands.SyncCommandFlushCounterAmbiguityTests.Json_NothingStaged_DoesNotWarnOnStderr
2026-07-31T00:35:00.2907074+00:00	END	Twig.Cli.Tests.Commands.SyncCommandFlushCounterAmbiguityTests.Json_NothingStaged_DoesNotWarnOnStderr
2026-07-31T00:35:00.2946978+00:00	START	Twig.Cli.Tests.Commands.SyncCommandFlushCounterAmbiguityTests.Human_NothingStaged_StillSaysNothingToFlush
2026-07-31T00:35:00.3035824+00:00	END	Twig.Cli.Tests.Commands.SyncCommandFlushCounterAmbiguityTests.Human_NothingStaged_StillSaysNothingToFlush
2026-07-31T00:35:00.3045014+00:00	START	Twig.Cli.Tests.Commands.SyncCommandFlushCounterAmbiguityTests.Json_NothingStaged_OmitsPushedCountersEntirely
2026-07-31T00:35:00.3085839+00:00	END	Twig.Cli.Tests.Commands.SyncCommandFlushCounterAmbiguityTests.Json_NothingStaged_OmitsPushedCountersEntirely
2026-07-31T00:35:00.3094053+00:00	START	Twig.Cli.Tests.Commands.SyncCommandFlushCounterAmbiguityTests.Json_NoteStagedButNotPushed_WarnsOnStderr
2026-07-31T00:35:00.3133357+00:00	END	Twig.Cli.Tests.Commands.SyncCommandFlushCounterAmbiguityTests.Json_NoteStagedButNotPushed_WarnsOnStderr
2026-07-31T00:35:00.3141743+00:00	START	Twig.Cli.Tests.Commands.SyncCommandFlushCounterAmbiguityTests.Json_FieldChangeStagedButNotPushed_EmitsFieldChangesDropped
2026-07-31T00:35:00.3183526+00:00	END	Twig.Cli.Tests.Commands.SyncCommandFlushCounterAmbiguityTests.Json_FieldChangeStagedButNotPushed_EmitsFieldChangesDropped
2026-07-31T00:35:00.3192357+00:00	START	Twig.Cli.Tests.Commands.SyncCommandFlushCounterAmbiguityTests.PullOnly_NoFlushPhase_EmitsNoCountersAndNoWarning
2026-07-31T00:35:00.3231120+00:00	END	Twig.Cli.Tests.Commands.SyncCommandFlushCounterAmbiguityTests.PullOnly_NoFlushPhase_EmitsNoCountersAndNoWarning
2026-07-31T00:35:00.3239147+00:00	START	Twig.Cli.Tests.Commands.SyncCommandFlushCounterAmbiguityTests.Json_PartialPush_ReportsOnlyTheShortfallAsDropped
2026-07-31T00:35:00.3278214+00:00	END	Twig.Cli.Tests.Commands.SyncCommandFlushCounterAmbiguityTests.Json_PartialPush_ReportsOnlyTheShortfallAsDropped
2026-07-31T00:35:00.3286364+00:00	START	Twig.Cli.Tests.Commands.SyncCommandFlushCounterAmbiguityTests.Minimal_StagedButNotPushed_ReportsDropCount
2026-07-31T00:35:00.3498828+00:00	END	Twig.Cli.Tests.Commands.SyncCommandFlushCounterAmbiguityTests.Minimal_StagedButNotPushed_ReportsDropCount
2026-07-31T00:35:00.3509132+00:00	START	Twig.Cli.Tests.Commands.SyncCommandFlushCounterAmbiguityTests.Human_StagedButNotPushed_DoesNotClaimNothingToFlush
2026-07-31T00:35:00.3567500+00:00	END	Twig.Cli.Tests.Commands.SyncCommandFlushCounterAmbiguityTests.Human_StagedButNotPushed_DoesNotClaimNothingToFlush
2026-07-31T00:35:00.3575901+00:00	START	Twig.Cli.Tests.Commands.SyncCommandFlushCounterAmbiguityTests.Json_NoteStagedButNotPushed_EmitsZeroPushedAndNotesDropped
2026-07-31T00:35:00.3623695+00:00	END	Twig.Cli.Tests.Commands.SyncCommandFlushCounterAmbiguityTests.Json_NoteStagedButNotPushed_EmitsZeroPushedAndNotesDropped
2026-07-31T00:35:00.3632027+00:00	START	Twig.Cli.Tests.Commands.SyncCommandFlushCounterAmbiguityTests.Json_EverythingPushed_EmitsCountersWithoutDropKeys
2026-07-31T00:35:00.3668706+00:00	END	Twig.Cli.Tests.Commands.SyncCommandFlushCounterAmbiguityTests.Json_EverythingPushed_EmitsCountersWithoutDropKeys
2026-07-31T00:35:00.3674924+00:00	START	Twig.Cli.Tests.Rendering.RenderingPipelineFactoryTests.Resolve_HumanFormat_TtyNotRedirected_ReturnsAsyncRenderer
2026-07-31T00:35:00.3690607+00:00	END	Twig.Cli.Tests.Rendering.RenderingPipelineFactoryTests.Resolve_HumanFormat_TtyNotRedirected_ReturnsAsyncRenderer
2026-07-31T00:35:00.3694657+00:00	START	Twig.Cli.Tests.Rendering.RenderingPipelineFactoryTests.Resolve_HumanFormat_TtyNotRedirected_WithNoLive_ReturnsNullRenderer
2026-07-31T00:35:00.3698645+00:00	END	Twig.Cli.Tests.Rendering.RenderingPipelineFactoryTests.Resolve_HumanFormat_TtyNotRedirected_WithNoLive_ReturnsNullRenderer
2026-07-31T00:35:00.3699933+00:00	START	Twig.Cli.Tests.Rendering.RenderingPipelineFactoryTests.Resolve_MinimalFormat_ReturnsNullRenderer
2026-07-31T00:35:00.3706814+00:00	END	Twig.Cli.Tests.Rendering.RenderingPipelineFactoryTests.Resolve_MinimalFormat_ReturnsNullRenderer
2026-07-31T00:35:00.3708035+00:00	START	Twig.Cli.Tests.Rendering.RenderingPipelineFactoryTests.Resolve_MinimalFormat_CaseInsensitive_ReturnsNullRenderer
2026-07-31T00:35:00.3709599+00:00	END	Twig.Cli.Tests.Rendering.RenderingPipelineFactoryTests.Resolve_MinimalFormat_CaseInsensitive_ReturnsNullRenderer
2026-07-31T00:35:00.3710672+00:00	START	Twig.Cli.Tests.Rendering.RenderingPipelineFactoryTests.Resolve_MinimalFormat_CaseInsensitive_ReturnsNullRenderer
2026-07-31T00:35:00.3712610+00:00	END	Twig.Cli.Tests.Rendering.RenderingPipelineFactoryTests.Resolve_MinimalFormat_CaseInsensitive_ReturnsNullRenderer
2026-07-31T00:35:00.3713750+00:00	START	Twig.Cli.Tests.Rendering.RenderingPipelineFactoryTests.Resolve_NonHumanFormats_AlwaysReturnNullRenderer_RegardlessOfNoLive
2026-07-31T00:35:00.3715413+00:00	END	Twig.Cli.Tests.Rendering.RenderingPipelineFactoryTests.Resolve_NonHumanFormats_AlwaysReturnNullRenderer_RegardlessOfNoLive
2026-07-31T00:35:00.3716842+00:00	START	Twig.Cli.Tests.Rendering.RenderingPipelineFactoryTests.Resolve_NonHumanFormats_AlwaysReturnNullRenderer_RegardlessOfNoLive
2026-07-31T00:35:00.3718425+00:00	END	Twig.Cli.Tests.Rendering.RenderingPipelineFactoryTests.Resolve_NonHumanFormats_AlwaysReturnNullRenderer_RegardlessOfNoLive
2026-07-31T00:35:00.3719565+00:00	START	Twig.Cli.Tests.Rendering.RenderingPipelineFactoryTests.Resolve_HumanFormat_WithNoLive_ReturnsNullRenderer
2026-07-31T00:35:00.3721769+00:00	END	Twig.Cli.Tests.Rendering.RenderingPipelineFactoryTests.Resolve_HumanFormat_WithNoLive_ReturnsNullRenderer
2026-07-31T00:35:00.3722912+00:00	START	Twig.Cli.Tests.Rendering.RenderingPipelineFactoryTests.Resolve_JsonFormat_CaseInsensitive_ReturnsNullRenderer
2026-07-31T00:35:00.3724411+00:00	END	Twig.Cli.Tests.Rendering.RenderingPipelineFactoryTests.Resolve_JsonFormat_CaseInsensitive_ReturnsNullRenderer
2026-07-31T00:35:00.3725472+00:00	START	Twig.Cli.Tests.Rendering.RenderingPipelineFactoryTests.Resolve_JsonFormat_CaseInsensitive_ReturnsNullRenderer
2026-07-31T00:35:00.3727116+00:00	END	Twig.Cli.Tests.Rendering.RenderingPipelineFactoryTests.Resolve_JsonFormat_CaseInsensitive_ReturnsNullRenderer
2026-07-31T00:35:00.3728232+00:00	START	Twig.Cli.Tests.Rendering.RenderingPipelineFactoryTests.Resolve_HumanFormat_InjectedRedirected_ReturnsNullRenderer
2026-07-31T00:35:00.3730662+00:00	END	Twig.Cli.Tests.Rendering.RenderingPipelineFactoryTests.Resolve_HumanFormat_InjectedRedirected_ReturnsNullRenderer
2026-07-31T00:35:00.3731805+00:00	START	Twig.Cli.Tests.Rendering.RenderingPipelineFactoryTests.Resolve_UnknownFormat_FallsBackToHumanFormatter_NullRenderer
2026-07-31T00:35:00.3733345+00:00	END	Twig.Cli.Tests.Rendering.RenderingPipelineFactoryTests.Resolve_UnknownFormat_FallsBackToHumanFormatter_NullRenderer
2026-07-31T00:35:00.3734457+00:00	START	Twig.Cli.Tests.Rendering.RenderingPipelineFactoryTests.Resolve_JsonFormat_ReturnsNullRenderer
2026-07-31T00:35:00.3736034+00:00	END	Twig.Cli.Tests.Rendering.RenderingPipelineFactoryTests.Resolve_JsonFormat_ReturnsNullRenderer
2026-07-31T00:35:00.3737150+00:00	START	Twig.Cli.Tests.Rendering.RenderingPipelineFactoryTests.Resolve_AlwaysReturnsHumanCompatibleFormatter
2026-07-31T00:35:00.3740054+00:00	END	Twig.Cli.Tests.Rendering.RenderingPipelineFactoryTests.Resolve_AlwaysReturnsHumanCompatibleFormatter
2026-07-31T00:35:00.3741172+00:00	START	Twig.Cli.Tests.Rendering.RenderingPipelineFactoryTests.Resolve_HumanFormat_WhenOutputRedirected_ReturnsNullRenderer
2026-07-31T00:35:00.3778393+00:00	END	Twig.Cli.Tests.Rendering.RenderingPipelineFactoryTests.Resolve_HumanFormat_WhenOutputRedirected_ReturnsNullRenderer
2026-07-31T00:35:00.3783041+00:00	START	Twig.Cli.Tests.DependencyInjection.CommandRegistrationModuleTests.SetCommand_AutoResolution_Resolves_Successfully
2026-07-31T00:35:00.4056769+00:00	END	Twig.Cli.Tests.DependencyInjection.CommandRegistrationModuleTests.SetCommand_AutoResolution_Resolves_Successfully
2026-07-31T00:35:00.4058560+00:00	START	Twig.Cli.Tests.DependencyInjection.CommandRegistrationModuleTests.PatchCommand_AutoResolution_Resolves_Successfully
2026-07-31T00:35:00.4095923+00:00	END	Twig.Cli.Tests.DependencyInjection.CommandRegistrationModuleTests.PatchCommand_AutoResolution_Resolves_Successfully
2026-07-31T00:35:00.4097160+00:00	START	Twig.Cli.Tests.DependencyInjection.CommandRegistrationModuleTests.StateCommand_AutoResolution_Resolves_Successfully
2026-07-31T00:35:00.4116589+00:00	END	Twig.Cli.Tests.DependencyInjection.CommandRegistrationModuleTests.StateCommand_AutoResolution_Resolves_Successfully
2026-07-31T00:35:00.4117555+00:00	START	Twig.Cli.Tests.DependencyInjection.CommandRegistrationModuleTests.RefreshCommand_AutoResolution_Resolves_Successfully
2026-07-31T00:35:00.4131763+00:00	END	Twig.Cli.Tests.DependencyInjection.CommandRegistrationModuleTests.RefreshCommand_AutoResolution_Resolves_Successfully
2026-07-31T00:35:00.4132616+00:00	START	Twig.Cli.Tests.DependencyInjection.CommandRegistrationModuleTests.BatchCommand_AutoResolution_Resolves_Successfully
2026-07-31T00:35:00.4140460+00:00	END	Twig.Cli.Tests.DependencyInjection.CommandRegistrationModuleTests.BatchCommand_AutoResolution_Resolves_Successfully
2026-07-31T00:35:00.4141281+00:00	START	Twig.Cli.Tests.DependencyInjection.CommandRegistrationModuleTests.ShowCommand_AutoResolution_Resolves_Successfully
2026-07-31T00:35:00.4153042+00:00	END	Twig.Cli.Tests.DependencyInjection.CommandRegistrationModuleTests.ShowCommand_AutoResolution_Resolves_Successfully
2026-07-31T00:35:00.4153890+00:00	START	Twig.Cli.Tests.DependencyInjection.CommandRegistrationModuleTests.TreeRenderingService_AutoResolution_Resolves_Successfully
2026-07-31T00:35:00.4169737+00:00	END	Twig.Cli.Tests.DependencyInjection.CommandRegistrationModuleTests.TreeRenderingService_AutoResolution_Resolves_Successfully
2026-07-31T00:35:00.4170696+00:00	START	Twig.Cli.Tests.DependencyInjection.CommandRegistrationModuleTests.WorkspaceCommand_AutoResolution_Resolves_Successfully
2026-07-31T00:35:00.4181068+00:00	END	Twig.Cli.Tests.DependencyInjection.CommandRegistrationModuleTests.WorkspaceCommand_AutoResolution_Resolves_Successfully
2026-07-31T00:35:00.4184239+00:00	START	Twig.Cli.Tests.Rendering.ProcessAwareSpectreTests.CreateWorkspaceTable_TeamView_HasFiveColumns
2026-07-31T00:35:00.4187100+00:00	END	Twig.Cli.Tests.Rendering.ProcessAwareSpectreTests.CreateWorkspaceTable_TeamView_HasFiveColumns
2026-07-31T00:35:00.4188091+00:00	START	Twig.Cli.Tests.Rendering.ProcessAwareSpectreTests.ResolveCategory_MapsStateToExpectedCategory
2026-07-31T00:35:00.4189840+00:00	END	Twig.Cli.Tests.Rendering.ProcessAwareSpectreTests.ResolveCategory_MapsStateToExpectedCategory
2026-07-31T00:35:00.4190610+00:00	START	Twig.Cli.Tests.Rendering.ProcessAwareSpectreTests.ResolveCategory_MapsStateToExpectedCategory
2026-07-31T00:35:00.4192965+00:00	END	Twig.Cli.Tests.Rendering.ProcessAwareSpectreTests.ResolveCategory_MapsStateToExpectedCategory
2026-07-31T00:35:00.4193764+00:00	START	Twig.Cli.Tests.Rendering.ProcessAwareSpectreTests.ResolveCategory_MapsStateToExpectedCategory
2026-07-31T00:35:00.4194157+00:00	END	Twig.Cli.Tests.Rendering.ProcessAwareSpectreTests.ResolveCategory_MapsStateToExpectedCategory
2026-07-31T00:35:00.4194807+00:00	START	Twig.Cli.Tests.Rendering.ProcessAwareSpectreTests.ResolveCategory_MapsStateToExpectedCategory
2026-07-31T00:35:00.4195157+00:00	END	Twig.Cli.Tests.Rendering.ProcessAwareSpectreTests.ResolveCategory_MapsStateToExpectedCategory
2026-07-31T00:35:00.4195878+00:00	START	Twig.Cli.Tests.Rendering.ProcessAwareSpectreTests.ResolveCategory_MapsStateToExpectedCategory
2026-07-31T00:35:00.4196240+00:00	END	Twig.Cli.Tests.Rendering.ProcessAwareSpectreTests.ResolveCategory_MapsStateToExpectedCategory
2026-07-31T00:35:00.4196937+00:00	START	Twig.Cli.Tests.Rendering.ProcessAwareSpectreTests.CreateWorkspaceTable_PersonalView_HasFourColumns
2026-07-31T00:35:00.4199227+00:00	END	Twig.Cli.Tests.Rendering.ProcessAwareSpectreTests.CreateWorkspaceTable_PersonalView_HasFourColumns
2026-07-31T00:35:00.4200110+00:00	START	Twig.Cli.Tests.Rendering.ProcessAwareSpectreTests.FormatCategoryHeader_ReturnsDisplayName
2026-07-31T00:35:00.4201648+00:00	END	Twig.Cli.Tests.Rendering.ProcessAwareSpectreTests.FormatCategoryHeader_ReturnsDisplayName
2026-07-31T00:35:00.4202407+00:00	START	Twig.Cli.Tests.Rendering.ProcessAwareSpectreTests.FormatCategoryHeader_ReturnsDisplayName
2026-07-31T00:35:00.4204702+00:00	END	Twig.Cli.Tests.Rendering.ProcessAwareSpectreTests.FormatCategoryHeader_ReturnsDisplayName
2026-07-31T00:35:00.4205489+00:00	START	Twig.Cli.Tests.Rendering.ProcessAwareSpectreTests.FormatCategoryHeader_ReturnsDisplayName
2026-07-31T00:35:00.4206039+00:00	END	Twig.Cli.Tests.Rendering.ProcessAwareSpectreTests.FormatCategoryHeader_ReturnsDisplayName
2026-07-31T00:35:00.4206717+00:00	START	Twig.Cli.Tests.Rendering.ProcessAwareSpectreTests.FormatCategoryHeader_ReturnsDisplayName
2026-07-31T00:35:00.4207146+00:00	END	Twig.Cli.Tests.Rendering.ProcessAwareSpectreTests.FormatCategoryHeader_ReturnsDisplayName
2026-07-31T00:35:00.4207832+00:00	START	Twig.Cli.Tests.Rendering.ProcessAwareSpectreTests.ResolveCategory_WithCustomStateEntries_UsesEntries
2026-07-31T00:35:00.4209946+00:00	END	Twig.Cli.Tests.Rendering.ProcessAwareSpectreTests.ResolveCategory_WithCustomStateEntries_UsesEntries
2026-07-31T00:35:00.4210769+00:00	START	Twig.Cli.Tests.Rendering.ProcessAwareSpectreTests.CreateWorkspaceTable_Default_HasFourColumns
2026-07-31T00:35:00.4212854+00:00	END	Twig.Cli.Tests.Rendering.ProcessAwareSpectreTests.CreateWorkspaceTable_Default_HasFourColumns
2026-07-31T00:35:00.4216292+00:00	START	Twig.Cli.Tests.Commands.OhMyPoshCommandsTests.Template_ContainsTwigPromptEnvVar
2026-07-31T00:35:00.4224919+00:00	END	Twig.Cli.Tests.Commands.OhMyPoshCommandsTests.Template_ContainsTwigPromptEnvVar
2026-07-31T00:35:00.4225720+00:00	START	Twig.Cli.Tests.Commands.OhMyPoshCommandsTests.Template_ContainsTwigPromptEnvVar
2026-07-31T00:35:00.4234973+00:00	END	Twig.Cli.Tests.Commands.OhMyPoshCommandsTests.Template_ContainsTwigPromptEnvVar
2026-07-31T00:35:00.4235852+00:00	START	Twig.Cli.Tests.Commands.OhMyPoshCommandsTests.Template_ContainsTwigPromptEnvVar
2026-07-31T00:35:00.4237844+00:00	END	Twig.Cli.Tests.Commands.OhMyPoshCommandsTests.Template_ContainsTwigPromptEnvVar
2026-07-31T00:35:00.4238713+00:00	START	Twig.Cli.Tests.Commands.OhMyPoshCommandsTests.AllStyles_ContainsForegroundTemplates
2026-07-31T00:35:00.4241820+00:00	END	Twig.Cli.Tests.Commands.OhMyPoshCommandsTests.AllStyles_ContainsForegroundTemplates
2026-07-31T00:35:00.4242609+00:00	START	Twig.Cli.Tests.Commands.OhMyPoshCommandsTests.AllStyles_ContainsForegroundTemplates
2026-07-31T00:35:00.4244646+00:00	END	Twig.Cli.Tests.Commands.OhMyPoshCommandsTests.AllStyles_ContainsForegroundTemplates
2026-07-31T00:35:00.4245413+00:00	START	Twig.Cli.Tests.Commands.OhMyPoshCommandsTests.AllStyles_ContainsForegroundTemplates
2026-07-31T00:35:00.4246421+00:00	END	Twig.Cli.Tests.Commands.OhMyPoshCommandsTests.AllStyles_ContainsForegroundTemplates
2026-07-31T00:35:00.4247214+00:00	START	Twig.Cli.Tests.Commands.OhMyPoshCommandsTests.AllStyles_ProduceValidJson
2026-07-31T00:35:00.4253371+00:00	END	Twig.Cli.Tests.Commands.OhMyPoshCommandsTests.AllStyles_ProduceValidJson
2026-07-31T00:35:00.4254177+00:00	START	Twig.Cli.Tests.Commands.OhMyPoshCommandsTests.AllStyles_ProduceValidJson
2026-07-31T00:35:00.4256139+00:00	END	Twig.Cli.Tests.Commands.OhMyPoshCommandsTests.AllStyles_ProduceValidJson
2026-07-31T00:35:00.4256920+00:00	START	Twig.Cli.Tests.Commands.OhMyPoshCommandsTests.AllStyles_ProduceValidJson
2026-07-31T00:35:00.4257501+00:00	END	Twig.Cli.Tests.Commands.OhMyPoshCommandsTests.AllStyles_ProduceValidJson
2026-07-31T00:35:00.4258240+00:00	START	Twig.Cli.Tests.Commands.OhMyPoshCommandsTests.PlainStyle_ContainsValidJsonWithTextType
2026-07-31T00:35:00.4261213+00:00	END	Twig.Cli.Tests.Commands.OhMyPoshCommandsTests.PlainStyle_ContainsValidJsonWithTextType
2026-07-31T00:35:00.4262021+00:00	START	Twig.Cli.Tests.Commands.OhMyPoshCommandsTests.PowerlineStyle_ContainsValidJsonWithTextType
2026-07-31T00:35:00.4265117+00:00	END	Twig.Cli.Tests.Commands.OhMyPoshCommandsTests.PowerlineStyle_ContainsValidJsonWithTextType
2026-07-31T00:35:00.4266013+00:00	START	Twig.Cli.Tests.Commands.OhMyPoshCommandsTests.DefaultStyle_IsPowerline
2026-07-31T00:35:00.4268067+00:00	END	Twig.Cli.Tests.Commands.OhMyPoshCommandsTests.DefaultStyle_IsPowerline
2026-07-31T00:35:00.4268883+00:00	START	Twig.Cli.Tests.Commands.OhMyPoshCommandsTests.PowerShellHook_ReadsPromptJson
2026-07-31T00:35:00.4272620+00:00	END	Twig.Cli.Tests.Commands.OhMyPoshCommandsTests.PowerShellHook_ReadsPromptJson
2026-07-31T00:35:00.4273484+00:00	START	Twig.Cli.Tests.Commands.OhMyPoshCommandsTests.AllStyles_ContainsCacheSection
2026-07-31T00:35:00.4276279+00:00	END	Twig.Cli.Tests.Commands.OhMyPoshCommandsTests.AllStyles_ContainsCacheSection
2026-07-31T00:35:00.4277068+00:00	START	Twig.Cli.Tests.Commands.OhMyPoshCommandsTests.AllStyles_ContainsCacheSection
2026-07-31T00:35:00.4279348+00:00	END	Twig.Cli.Tests.Commands.OhMyPoshCommandsTests.AllStyles_ContainsCacheSection
2026-07-31T00:35:00.4280135+00:00	START	Twig.Cli.Tests.Commands.OhMyPoshCommandsTests.AllStyles_ContainsCacheSection
2026-07-31T00:35:00.4280917+00:00	END	Twig.Cli.Tests.Commands.OhMyPoshCommandsTests.AllStyles_ContainsCacheSection
2026-07-31T00:35:00.4281710+00:00	START	Twig.Cli.Tests.Commands.OhMyPoshCommandsTests.NoCommandTypeInOutput
2026-07-31T00:35:00.4283188+00:00	END	Twig.Cli.Tests.Commands.OhMyPoshCommandsTests.NoCommandTypeInOutput
2026-07-31T00:35:00.4283970+00:00	START	Twig.Cli.Tests.Commands.OhMyPoshCommandsTests.NoCommandTypeInOutput
2026-07-31T00:35:00.4285665+00:00	END	Twig.Cli.Tests.Commands.OhMyPoshCommandsTests.NoCommandTypeInOutput
2026-07-31T00:35:00.4286508+00:00	START	Twig.Cli.Tests.Commands.OhMyPoshCommandsTests.NoCommandTypeInOutput
2026-07-31T00:35:00.4290539+00:00	END	Twig.Cli.Tests.Commands.OhMyPoshCommandsTests.NoCommandTypeInOutput
2026-07-31T00:35:00.4291464+00:00	START	Twig.Cli.Tests.Commands.OhMyPoshCommandsTests.BashHook_ReadsPromptJson
2026-07-31T00:35:00.4293695+00:00	END	Twig.Cli.Tests.Commands.OhMyPoshCommandsTests.BashHook_ReadsPromptJson
2026-07-31T00:35:00.4294525+00:00	START	Twig.Cli.Tests.Commands.OhMyPoshCommandsTests.DiamondStyle_ContainsValidJsonWithTextType
2026-07-31T00:35:00.4297991+00:00	END	Twig.Cli.Tests.Commands.OhMyPoshCommandsTests.DiamondStyle_ContainsValidJsonWithTextType
2026-07-31T00:35:00.4298822+00:00	START	Twig.Cli.Tests.Commands.OhMyPoshCommandsTests.ZshHook_ReadsPromptJson
2026-07-31T00:35:00.4300929+00:00	END	Twig.Cli.Tests.Commands.OhMyPoshCommandsTests.ZshHook_ReadsPromptJson
2026-07-31T00:35:00.4301743+00:00	START	Twig.Cli.Tests.Commands.OhMyPoshCommandsTests.FishHook_ReadsPromptJson
2026-07-31T00:35:00.4308912+00:00	END	Twig.Cli.Tests.Commands.OhMyPoshCommandsTests.FishHook_ReadsPromptJson
2026-07-31T00:35:00.4309775+00:00	START	Twig.Cli.Tests.Commands.OhMyPoshCommandsTests.DefaultShell_IsPowerShell
2026-07-31T00:35:00.4310947+00:00	END	Twig.Cli.Tests.Commands.OhMyPoshCommandsTests.DefaultShell_IsPowerShell
2026-07-31T00:35:00.4357815+00:00	START	Twig.Cli.Tests.Commands.ShowCommand_GitContextTests.Show_WithLinkedPRs_IncludesPRsInHumanOutput
2026-07-31T00:35:00.4429829+00:00	END	Twig.Cli.Tests.Commands.ShowCommand_GitContextTests.Show_WithLinkedPRs_IncludesPRsInHumanOutput
2026-07-31T00:35:00.4438406+00:00	START	Twig.Cli.Tests.Commands.ShowCommand_GitContextTests.Show_PRLookupFails_StillSucceedsWithBranch
2026-07-31T00:35:00.4472041+00:00	END	Twig.Cli.Tests.Commands.ShowCommand_GitContextTests.Show_PRLookupFails_StillSucceedsWithBranch
2026-07-31T00:35:00.4475647+00:00	START	Twig.Cli.Tests.Commands.ShowCommand_GitContextTests.Show_NoGitService_ReturnsEmptyPRList
2026-07-31T00:35:00.4493090+00:00	END	Twig.Cli.Tests.Commands.ShowCommand_GitContextTests.Show_NoGitService_ReturnsEmptyPRList
2026-07-31T00:35:00.4496533+00:00	START	Twig.Cli.Tests.Commands.ShowCommand_GitContextTests.Show_MultiplePRs_AllAppearInOutput
2026-07-31T00:35:00.4522322+00:00	END	Twig.Cli.Tests.Commands.ShowCommand_GitContextTests.Show_MultiplePRs_AllAppearInOutput
2026-07-31T00:35:00.4525723+00:00	START	Twig.Cli.Tests.Commands.ShowCommand_GitContextTests.Show_NoGitDirectory_OmitsGitContext
2026-07-31T00:35:00.4539680+00:00	END	Twig.Cli.Tests.Commands.ShowCommand_GitContextTests.Show_NoGitDirectory_OmitsGitContext
2026-07-31T00:35:00.4542742+00:00	START	Twig.Cli.Tests.Commands.ShowCommand_GitContextTests.Show_DetachedHead_OmitsGitContext
2026-07-31T00:35:00.4557876+00:00	END	Twig.Cli.Tests.Commands.ShowCommand_GitContextTests.Show_DetachedHead_OmitsGitContext
2026-07-31T00:35:00.4561178+00:00	START	Twig.Cli.Tests.Commands.ShowCommand_GitContextTests.Show_WithGitRepo_IncludesBranchInHumanOutput
2026-07-31T00:35:00.4575271+00:00	END	Twig.Cli.Tests.Commands.ShowCommand_GitContextTests.Show_WithGitRepo_IncludesBranchInHumanOutput
2026-07-31T00:35:00.4578707+00:00	START	Twig.Cli.Tests.Commands.ShowCommand_GitContextTests.Show_WithGitRepo_IncludesBranchInJsonOutput
2026-07-31T00:35:00.4597894+00:00	END	Twig.Cli.Tests.Commands.ShowCommand_GitContextTests.Show_WithGitRepo_IncludesBranchInJsonOutput
2026-07-31T00:35:00.4601235+00:00	START	Twig.Cli.Tests.Commands.ShowCommand_GitContextTests.Show_WithLinkedPRs_IncludesPRsInJsonOutput
2026-07-31T00:35:00.4618219+00:00	END	Twig.Cli.Tests.Commands.ShowCommand_GitContextTests.Show_WithLinkedPRs_IncludesPRsInJsonOutput
2026-07-31T00:35:00.4621466+00:00	START	Twig.Cli.Tests.Commands.ShowCommand_GitContextTests.Show_NoTwigPaths_OmitsGitContext
2026-07-31T00:35:00.4632989+00:00	END	Twig.Cli.Tests.Commands.ShowCommand_GitContextTests.Show_NoTwigPaths_OmitsGitContext
